Brand,,28car.com Key Value,Picture File Name,Chinese,Class,Model,Model ID,Price for 2019 (HKD),,English,28car.com Key Value,Chinese
Acura,1,2,2_1,極品,ILX,ILX,2_1,,,Any,1,任何
Acura,2,2,2_2,極品,TLX,TLX,2_2,,,Acura,2,極品
Acura,3,2,2_3,極品,TL,TL,2_3,,,Alfa Romeo,3,愛快
Acura,4,2,2_4,極品,RLX,RLX,2_4,,,Aston Martin,4,阿士頓馬田
Acura,5,2,2_5,極品,RL,RL,2_5,,,Audi,5,奧迪
Acura,6,2,2_6,極品,RDX,RDX,2_6,,,Bentley,6,賓利
Acura,7,2,2_7,極品,MDX,MDX,2_7,,,BMW,7,寶馬
Acura,8,2,2_8,極品,NSX,NSX,2_8,,,Citroen,8,先進
Acura,9,2,2_9,極品,RSX,RSX,2_9,,,Daewoo,9,大宇
Acura,10,2,2_10,極品,Legend,Legend,2_10,,,Daihatsu,10,大發
Acura,11,2,2_11,極品,Integra,Integra RSX,2_11,,,Ferrari,11,法拉利
Acura,12,2,2_12,極品,Integra,Integra DB8,2_12,,,Fiat,12,快意
Alfa Romeo,1,3,3_1,愛快,Mito,Mito,3_1,,,Ford,13,福特
Alfa Romeo,2,3,3_2,愛快,Giulietta,Giulietta,3_2,,,Foton,14,福田
Alfa Romeo,3,3,3_3,愛快,Giulietta,Giulietta 1.8,3_3,,,Hino,15,日野
Alfa Romeo,4,3,3_4,愛快,159,159 2.2,3_4,,,Honda,16,本田
Alfa Romeo,5,3,3_5,愛快,159,159 3.2,3_5,,,Hyundai,17,現代
Alfa Romeo,6,3,3_6,愛快,159,159 SW / SportWagon,3_6,,,Infiniti,18,INFINITI
Alfa Romeo,7,3,3_7,愛快,147,147 GTA,3_7,,,Iveco,20,歐霸
Alfa Romeo,8,3,3_8,愛快,147,147 2.0,3_8,,,JAC,21,江淮
Alfa Romeo,9,3,3_9,愛快,147,147 1.6,3_9,,,Jaguar,22,積架
Alfa Romeo,10,3,3_10,愛快,Spider,Spider 2.0,3_10,,,JEEP,23,JEEP
Alfa Romeo,11,3,3_11,愛快,Spider,Spider 2.2,3_11,,,Kia,24,起亞
Alfa Romeo,12,3,3_12,愛快,Spider,Spider 3.2,3_12,,,Lexus,25,凌志
Alfa Romeo,13,3,3_13,愛快,156,156 JTS,3_13,,,Lamborghini,26,林寶堅尼
Alfa Romeo,14,3,3_14,愛快,156,156 GTA,3_14,,,Land Rover,27,越野路華
Alfa Romeo,15,3,3_15,愛快,156,156 SW / Wagon,3_15,,,Lotus,28,蓮花
Alfa Romeo,16,3,3_16,愛快,Brera,Brera 2.2,3_16,,,Man Se,29,猛獅
Alfa Romeo,17,3,3_17,愛快,Brera,Brera 3.2,3_17,,,Maserati,30,瑪莎拉蒂
Aston Martin,1,4,4_1,阿士頓馬田,Vanquish,Vanquish,4_1,"4,480,000",,Mazda,31,萬事得
Aston Martin,2,4,4_2,阿士頓馬田,Vanquish,Vanquish Volante,4_2,,,McLaren,32,麥拿倫
Aston Martin,3,4,4_3,阿士頓馬田,Rapide,Rapide,4_3,"2,980,000",,Mercedes-Benz,33,平治
Aston Martin,4,4,4_4,阿士頓馬田,DB11,DB11,4_4,"2,980,000",,Mini,34,迷你
Aston Martin,5,4,4_5,阿士頓馬田,DB9,DB9,4_5,,,Mitsubishi,35,三菱
Aston Martin,6,4,4_6,阿士頓馬田,DB9,DB9 Volante,4_6,,,Nissan,36,日產
Aston Martin,7,4,4_7,阿士頓馬田,Vantage,Vantage,4_7,"2,480,000",,Opel,37,歐寶
Aston Martin,8,4,4_8,阿士頓馬田,Vantage,Vantage S Roadster,4_8,,,Peugeot,38,標緻
Aston Martin,9,4,4_9,阿士頓馬田,DBS,DBS,4_9,,,Porsche,39,保時捷
Aston Martin,10,4,4_10,阿士頓馬田,DB7,DB7 Vantage,4_10,,,Renault,40,雷諾
Aston Martin,11,4,4_11,阿士頓馬田,Virage,Virage,4_11,,,Rolls-Royce,41,勞斯萊斯
Aston Martin,12,4,4_12,阿士頓馬田,Cygnet,Cygnet,4_12,,,Rover,42,路華
Audi,1,5,5_1,奧迪,A1,A1 1.4T Sportback 30 TFSI ,5_1,"287,800",,Saab,43,紳寶
Audi,2,5,5_2,奧迪,A1,A1 1.8T Sportback 40 TFSI,5_2,"376,800",,SCANIA,44,SCANIA
Audi,3,5,5_3,奧迪,S1,S1 2.0T Quattro,5_3,"470,800",,Sinotruk,45,中國重汽
Audi,4,5,5_4,奧迪,A3,A3 1.4T Sportback ,5_4,"289,900",,Smart,46,SMART
Audi,5,5,5_5,奧迪,A3,A3 1.4T Sportback ETRON,5_5,"539,800",,Ssangyong,47,雙龍
Audi,6,5,5_6,奧迪,A3,A3 1.8T Sportback ,5_6,"345,750",,Subaru,48,富士
Audi,7,5,5_7,奧迪,A3,A3 2.0T Sportback ,5_7, ,,Suzuki,49,鈴木
Audi,8,5,5_8,奧迪,A3,A3 1.4T Sedan ,5_8,"309,900",,Toyota,50,豐田
Audi,9,5,5_9,奧迪,A3,A3 1.8T Sedan ,5_9,"356,650",,UD,51,大實力
Audi,10,5,5_10,奧迪,A3,A3 1.4T Cabriolet ,5_10,"436,800",,Volkswagen,52,福士
Audi,11,5,5_11,奧迪,A3,A3 1.8T Cabriolet ,5_11,"434,650",,Volvo,53,富豪
Audi,12,5,5_12,奧迪,S3,S3 2.0T Sportback Quattro,5_12,"558,000",,,,
Audi,13,5,5_13,奧迪,S3,S3 2.0T Sedan Quattro,5_13,"596,800",,,,
Audi,14,5,5_14,奧迪,S3,S3 2.0T Cabriolet Quattro,5_14,"668,800",,,,
Audi,15,5,5_15,奧迪,S3,S3 2.0T Quattro,5_15, ,,,,
Audi,16,5,5_16,奧迪,RS3,RS3 2.5T Sportback Quattro,5_16,"771,800",,,,
Audi,17,5,5_17,奧迪,RS3,RS3 2.5T Sedan Quattro,5_17,"791,800",,,,
Audi,18,5,5_18,奧迪,A4,A4 1.4T Sedan ,5_18,"339,900",,,,
Audi,19,5,5_19,奧迪,A4,A4 2.0T Sedan ,5_19,"379,900",,,,
Audi,20,5,5_20,奧迪,A4,A4 2.0T Sedan Quattro,5_20,"588,800",,,,
Audi,21,5,5_21,奧迪,A4,A4 1.4T Avant ,5_21,"389,900",,,,
Audi,22,5,5_22,奧迪,A4,A4 1.8T Avant ,5_22, ,,,,
Audi,23,5,5_23,奧迪,A4,A4 2.0T Avant ,5_23,"409,900",,,,
Audi,24,5,5_24,奧迪,A4,A4 1.8T Avant Quattro,5_24, ,,,,
Audi,25,5,5_25,奧迪,A4,A4 2.0T Avant Quattro,5_25,"621,800",,,,
Audi,26,5,5_26,奧迪,A4,A4 1.8T Cabriolet,5_26, ,,,,
Audi,27,5,5_27,奧迪,S4,S4 Avant,5_27, ,,,,
Audi,28,5,5_28,奧迪,S4,S4 Quattro,5_28,"789,800",,,,
Audi,29,5,5_29,奧迪,S4,S4 Avant Quattro,5_29,"822,800",,,,
Audi,30,5,5_30,奧迪,RS4,RS4 Avant,5_30, ,,,,
Audi,31,5,5_31,奧迪,A5,A5 1.8T Coupe ,5_31,"493,800",,,,
Audi,32,5,5_32,奧迪,A5,A5 2.0T Coupe ,5_32,"496,700",,,,
Audi,33,5,5_33,奧迪,A5,A5 2.0T Coupe Quattro,5_33,"649,800",,,,
Audi,34,5,5_34,奧迪,A5,A5 1.8T Sportback ,5_34,"480,800",,,,
Audi,35,5,5_35,奧迪,A5,A5 1.8T Sportback Multitronic,5_35,"419,900",,,,
Audi,36,5,5_36,奧迪,A5,A5 2.0T Sportback ,5_36,"439,900",,,,
Audi,37,5,5_37,奧迪,A5,A5 2.0T Sportback Quattro,5_37,"599,900",,,,
Audi,38,5,5_38,奧迪,A5,A5 1.8T Cabriolet ,5_38,"532,800",,,,
Audi,39,5,5_39,奧迪,A5,A5 2.0T Cabriolet ,5_39,"558,800",,,,
Audi,40,5,5_40,奧迪,S5,S5 3.0T Coupe Quattro,5_40,"858,800",,,,
Audi,41,5,5_41,奧迪,S5,S5 4.2T Coupe Quattro,5_41, ,,,,
Audi,42,5,5_42,奧迪,S5,S5 3.0T Sportback Quattro,5_42,"858,800",,,,
Audi,43,5,5_43,奧迪,S5,S5 3.0T Cabriolet Quattro,5_43,"887,800",,,,
Audi,44,5,5_44,奧迪,A6,A6 1.8T Sedan ,5_44,"449,900",,,,
Audi,45,5,5_45,奧迪,A6,A6 2.0T Sedan ,5_45,"609,800",,,,
Audi,46,5,5_46,奧迪,A6,A6 2.0T Sedan Quattro,5_46,"599,000",,,,
Audi,47,5,5_47,奧迪,A6,A6 2.4,5_47, ,,,,
Audi,48,5,5_48,奧迪,A6,A6 2.8T Quattro,5_48, ,,,,
Audi,49,5,5_49,奧迪,A6,A6 3.0T Sedan Quattro,5_49,"843,000",,,,
Audi,50,5,5_50,奧迪,A6,A6 2.0T Avant ,5_50,"667,800",,,,
Audi,51,5,5_51,奧迪,A6,A6 2.0T Avant Quattro,5_51,"652,000",,,,
Audi,52,5,5_52,奧迪,S6,S6 4.0T Quattro,5_52,"1,130,000",,,,
Audi,53,5,5_53,奧迪,S6,S6 4.0T Avant Quattro,5_53,"1,188,000",,,,
Audi,54,5,5_54,奧迪,S6,S6 Quattro,5_54, ,,,,
Audi,55,5,5_55,奧迪,RS6,RS6 4.0T Avant Quattro,5_55,"1,719,800",,,,
Audi,56,5,5_56,奧迪,RS6,RS6 4.0T Avant Performance Quattro,5_56,"1,798,800",,,,
Audi,57,5,5_57,奧迪,A7,A7 1.8T Sportback ,5_57,"620,800",,,,
Audi,58,5,5_58,奧迪,A7,A7 2.0T Sportback ,5_58,"589,900",,,,
Audi,59,5,5_59,奧迪,A7,A7 2.0T Sportback Quattro,5_59,"698,800",,,,
Audi,60,5,5_60,奧迪,A7,A7 2.8T Sportback Quattro,5_60, ,,,,
Audi,61,5,5_61,奧迪,A7,A7 3.0T Sportback Quattro,5_61,"869,500",,,,
Audi,62,5,5_62,奧迪,S7,A7 4.0T Sportback Quattro,5_62,"1,200,000",,,,
Audi,63,5,5_63,奧迪,RS7,RS7 4.0T Sportback Quattro,5_63,"1,843,800",,,,
Audi,64,5,5_64,奧迪,RS7,RS7 4.0T Sportback Performance Quattro,5_64,"1,928,800",,,,
Audi,65,5,5_65,奧迪,A8,A8L 3.0T Quattro,5_65,"1,328,800",,,,
Audi,66,5,5_66,奧迪,A8,A8L 4.0T Quattro,5_66,"1,732,800",,,,
Audi,67,5,5_67,奧迪,A8,A8L 4.2 Quattro,5_67, ,,,,
Audi,68,5,5_68,奧迪,A8,A8L W12 Quattro,5_68,"2,749,200",,,,
Audi,69,5,5_69,奧迪,S8,S8 4.0T Quattro,5_69,"2,048,800",,,,
Audi,70,5,5_70,奧迪,S8,S8 5.2,5_70, ,,,,
Audi,71,5,5_71,奧迪,Q2,Q2 1.4T,5_71,"329,900",,,,
Audi,72,5,5_72,奧迪,Q3,Q3 1.4T,5_72,"399,900",,,,
Audi,73,5,5_73,奧迪,Q3,Q3 1.4T Sport,5_73,"349,900",,,,
Audi,74,5,5_74,奧迪,Q3,Q3 2.0T Quattro,5_74,"428,800",,,,
Audi,75,5,5_75,奧迪,Q3,Q3 2.0T Quattro Sport,5_75,"447,000",,,,
Audi,76,5,5_76,奧迪,RSQ3,RSQ3 2.5T Quattro,5_76,"737,800",,,,
Audi,77,5,5_77,奧迪,Q5,Q5 2.0T Quattro,5_77,"529,900",,,,
Audi,78,5,5_78,奧迪,Q5,Q5 3.0T Quattro,5_78,"680,300",,,,
Audi,79,5,5_79,奧迪,Q5,Q5 3.2 Quattro,5_79, ,,,,
Audi,80,5,5_80,奧迪,Q7,Q7 2.0T Quattro,5_80,"779,900",,,,
Audi,81,5,5_81,奧迪,Q7,Q7 3.0T Quattro,5_81,"879,900",,,,
Audi,82,5,5_82,奧迪,Q7,Q7 3.6 Quattro,5_82,"898,800",,,,
Audi,83,5,5_83,奧迪,Q7,Q7 4.2 Quattro,5_83, ,,,,
Audi,84,5,5_84,奧迪,TT,TT 1.8T Coupe ,5_84,"469,800",,,,
Audi,85,5,5_85,奧迪,TT,TT 2.0T Coupe,5_85,"543,800",,,,
Audi,86,5,5_86,奧迪,TT,TT 2.0T Coupe Quattro,5_86,"593,800",,,,
Audi,87,5,5_87,奧迪,TT,TT 3.2 Quattro,5_87, ,,,,
Audi,88,5,5_88,奧迪,TTS,TTS 2.0T Coupe Quattro,5_88,"708,800",,,,
Audi,89,5,5_89,奧迪,TT Roadster,TT 1.8T Roadster ,5_89,"537,800",,,,
Audi,90,5,5_90,奧迪,TT Roadster,TT 2.0T Roadster ,5_90,"573,800",,,,
Audi,91,5,5_91,奧迪,TT Roadster,TT 2.0T Roadster Quattro,5_91,"623,800",,,,
Audi,92,5,5_92,奧迪,TTS Roadster,TTS 2.0T Roadster Quattro,5_92,"738,800",,,,
Audi,93,5,5_93,奧迪,R8,R8 4.2,5_93, ,,,,
Audi,94,5,5_94,奧迪,R8,R8 5.2 Quattro,5_94,"3,298,000",,,,
Audi,95,5,5_95,奧迪,R8,R8 Plus 5.2 Quattro,5_95,"3,660,000",,,,
Audi,96,5,5_96,奧迪,R8,R8 Spyder 5.2 Quattro,5_96,"3,573,000",,,,
Audi,97,5,5_97,奧迪,RS4,RS4 Avant Quattro,5_97,"1,320,000",,,,
Audi,98,5,5_98,奧迪,A5,A5 2.0T Cabriolet Quattro,5_98,"708,800",,,,
Bentley,1,6,6_1,賓利,Mulsanne,Mulsanne,6_1,"4,690,000",,,,
Bentley,2,6,6_2,賓利,Flying Spur,Flying Spur W12,6_2,"3,518,000",,,,
Bentley,3,6,6_3,賓利,Flying Spur,Flying Spur V8,6_3,"3,116,000",,,,
Bentley,4,6,6_4,賓利,Flying Spur,Flying Spur Panamera,6_4,,,,,
Bentley,5,6,6_5,賓利,Continental,Continental GT3-R,6_5,,,,,
Bentley,6,6,6_6,賓利,Continental,Continental GT Speed,6_6,"3,055,000",,,,
Bentley,7,6,6_7,賓利,Continental,Continental GT Speed Convertible / GTC Speed,6_7,,,,,
Bentley,8,6,6_8,賓利,Continental,Continental GT,6_8,"3,055,000",,,,
Bentley,9,6,6_9,賓利,Continental,Continental GT Convertible / GTC,6_9,"3,245,000",,,,
Bentley,10,6,6_10,賓利,Continental,Continental GT V8S,6_10,"3,055,000",,,,
Bentley,11,6,6_11,賓利,Continental,Continental GT V8S Convertible,6_11,,,,,
Bentley,12,6,6_12,賓利,Continental,Continental GT V8,6_12,"3,055,000",,,,
Bentley,13,6,6_13,賓利,Continental,Continental Flying Spur,6_13,,,,,
Bentley,14,6,6_14,賓利,Continental,Continental GT V8 Convertible,6_14,,,,,
Bentley,15,6,6_15,賓利,Bentayga,Bentayga,6_15,"3,019,000",,,,
Bentley,16,6,6_16,賓利,Bentayga,Bentayga Mulliner,6_16,"4,318,000",,,,
Bentley,17,6,6_17,賓利,Arnage,Arnage,6_17,,,,,
BMW,1,7,7_1,寶馬,1 Series Hatchback,120iA M Sport,7_1,"299,900",,,,
BMW,2,7,7_2,寶馬,1 Series Hatchback,125iA M Sport,7_2,"429,000",,,,
BMW,3,7,7_3,寶馬,1 Series Hatchback,M135iA,7_3,"573,000",,,,
BMW,4,7,7_4,寶馬,1 Series Hatchback,M140iA,7_4,"559,900",,,,
BMW,5,7,7_5,寶馬,2 Series Active Tourer,218iA,7_5,"309,900",,,,
BMW,6,7,7_6,寶馬,2 Series Active Tourer,220iA,7_6,"371,000",,,,
BMW,7,7,7_7,寶馬,2 Series Active Tourer,225iA Sport,7_7,"463,000",,,,
BMW,8,7,7_8,寶馬,2 Series Active Tourer,225iA Luxury,7_8,"462,000",,,,
BMW,9,7,7_9,寶馬,2 Series Gran Tourer,218d,7_9,"359,900",,,,
BMW,10,7,7_10,寶馬,2 Series Gran Tourer,220iA,7_10,"415,000",,,,
BMW,11,7,7_11,寶馬,2 Series Gran Tourer,220iA Sport,7_11,"439,000",,,,
BMW,12,7,7_12,寶馬,2 Series Gran Tourer,220iA Luxury,7_12,"423,000",,,,
BMW,13,7,7_13,寶馬,2 Series Coupe,220iA,7_13,"449,000",,,,
BMW,14,7,7_14,寶馬,2 Series Coupe,220iA Sport,7_14,"449,000",,,,
BMW,15,7,7_15,寶馬,2 Series Coupe,220iA M Sport,7_15,"479,000",,,,
BMW,16,7,7_16,寶馬,2 Series Coupe,M235iA,7_16,"654,000",,,,
BMW,17,7,7_17,寶馬,2 Series Coupe,M240iA,7_17,"690,000",,,,
BMW,18,7,7_18,寶馬,3 Series Saloon,318iA,7_18,"359,000",,,,
BMW,19,7,7_19,寶馬,3 Series Saloon,320d,7_19,"399,900",,,,
BMW,20,7,7_20,寶馬,3 Series Saloon,320iA,7_20,"449,000",,,,
BMW,21,7,7_21,寶馬,3 Series Saloon,328iA M Sport,7_21,,,,,
BMW,22,7,7_22,寶馬,3 Series Saloon,330iA M Sport,7_22,"649,000",,,,
BMW,23,7,7_23,寶馬,3 Series Saloon,340iA M Sport,7_23,"802,000",,,,
BMW,24,7,7_24,寶馬,3 Series Touring,320iA,7_24,"459,000",,,,
BMW,25,7,7_25,寶馬,3 Series Touring,330iA,7_25,"554,000",,,,
BMW,26,7,7_26,寶馬,3 Series Touring,330iA M Sport,7_26,"639,000",,,,
BMW,27,7,7_27,寶馬,3 Series Touring,340iA M Sport,7_27,"899,000",,,,
BMW,28,7,7_28,寶馬,3 Series Gran Turismo,320iA,7_28,"399,900",,,,
BMW,29,7,7_29,寶馬,3 Series Gran Turismo,328iA,7_29,"587,000",,,,
BMW,30,7,7_30,寶馬,3 Series Gran Turismo,335iA,7_30,"799,000",,,,
BMW,31,7,7_31,寶馬,4 Series Coupe,420iA,7_31,"462,000",,,,
BMW,32,7,7_32,寶馬,4 Series Coupe,420iA Sport,7_32,"479,900",,,,
BMW,33,7,7_33,寶馬,4 Series Coupe,428iA M Sport,7_33,"653,000",,,,
BMW,34,7,7_34,寶馬,4 Series Coupe,430iA M Sport,7_34,"629,900",,,,
BMW,35,7,7_35,寶馬,4 Series Coupe,435iA M Sport,7_35,"884,000",,,,
BMW,36,7,7_36,寶馬,4 Series Coupe,440iA M Sport,7_36,"924,000",,,,
BMW,37,7,7_37,寶馬,4 Series Cabrio,420iA,7_37,"545,000",,,,
BMW,38,7,7_38,寶馬,4 Series Cabrio,420iA Sport,7_38,"625,000",,,,
BMW,39,7,7_39,寶馬,4 Series Cabrio,428iA,7_39,"669,000",,,,
BMW,40,7,7_40,寶馬,4 Series Cabrio,428iA M Sport,7_40,"740,000",,,,
BMW,41,7,7_41,寶馬,4 Series Cabrio,430iA M Sport,7_41,"699,900",,,,
BMW,42,7,7_42,寶馬,4 Series Cabrio,435iA M Sport,7_42,"989,000",,,,
BMW,43,7,7_43,寶馬,4 Series Cabrio,440iA M Sport,7_43,"996,000",,,,
BMW,44,7,7_44,寶馬,4 Series Gran Coupe,420iA,7_44,"489,900",,,,
BMW,45,7,7_45,寶馬,4 Series Gran Coupe,428iA M Sport,7_45,"653,000",,,,
BMW,46,7,7_46,寶馬,4 Series Gran Coupe,435iA M Sport,7_46,"902,000",,,,
BMW,47,7,7_47,寶馬,Z4 Roadster,Z4 sDrive28iA,7_47,"676,000",,,,
BMW,48,7,7_48,寶馬,5 Series Saloon,520iA,7_48,"559,900",,,,
BMW,49,7,7_49,寶馬,5 Series Saloon,520d Efficient Performance,7_49,"519,900",,,,
BMW,50,7,7_50,寶馬,5 Series Saloon,520d Sport,7_50,"599,000",,,,
BMW,51,7,7_51,寶馬,5 Series Saloon,520d,7_51,"569,000",,,,
BMW,52,7,7_52,寶馬,5 Series Saloon,528iA M Sport,7_52,"747,000",,,,
BMW,53,7,7_53,寶馬,5 Series Saloon,530iA Luxury,7_53,"789,000",,,,
BMW,54,7,7_54,寶馬,5 Series Saloon,530iA Sport,7_54,"763,000",,,,
BMW,55,7,7_55,寶馬,5 Series Saloon,535iA,7_55,"909,000",,,,
BMW,56,7,7_56,寶馬,5 Series Saloon,540iA xDrive M Sport,7_56,"979,000",,,,
BMW,57,7,7_57,寶馬,5 Series Saloon,550iA,7_57,"1,163,000",,,,
BMW,58,7,7_58,寶馬,5 Series Saloon,ActiveHybrid 5,7_58,"1,057,000",,,,
BMW,59,7,7_59,寶馬,5 Series Touring,520iA,7_59,"643,000",,,,
BMW,60,7,7_60,寶馬,5 Series Touring,528iA,7_60,"769,000",,,,
BMW,61,7,7_61,寶馬,5 Series Touring,530iA Sport,7_61,"829,000",,,,
BMW,62,7,7_62,寶馬,5 Series Touring,535iA,7_62,"999,000",,,,
BMW,63,7,7_63,寶馬,5 Series Touring,540iA xDrive M Sport,7_63,"1,039,000",,,,
BMW,64,7,7_64,寶馬,5 Series Touring,550iA,7_64,"1,267,000",,,,
BMW,65,7,7_65,寶馬,5 Series Gran Turismo,528iA,7_65,"728,000",,,,
BMW,66,7,7_66,寶馬,5 Series Gran Turismo,535iA,7_66,"896,000",,,,
BMW,67,7,7_67,寶馬,5 Series Gran Turismo,550iA,7_67,"1,165,000",,,,
BMW,68,7,7_68,寶馬,X1 SAV,X1 sDrive18d,7_68,"379,900",,,,
BMW,69,7,7_69,寶馬,X1 SAV,X1 sDrive20iA,7_69,"415,000",,,,
BMW,70,7,7_70,寶馬,X1 SAV,X1 sDrive20iA xLine,7_70,"439,900",,,,
BMW,71,7,7_71,寶馬,X1 SAV,X1 xDrive25iA xLine,7_71,"596,000",,,,
BMW,72,7,7_72,寶馬,X1 SAV,X1 xDrive25iA M Sport,7_72,"533,000",,,,
BMW,73,7,7_73,寶馬,X3 SAV,X3 xDrive20d,7_73,"517,000",,,,
BMW,74,7,7_74,寶馬,X3 SAV,X3 xDrive28iA,7_74,"568,000",,,,
BMW,75,7,7_75,寶馬,X3 SAV,X3 xDrive28iA M Sport,7_75,"651,000",,,,
BMW,76,7,7_76,寶馬,X3 SAV,X3 xDrive35iA,7_76,"680,000",,,,
BMW,77,7,7_77,寶馬,X3 SAV,X3 xDrive35iA M Sport,7_77,"760,000",,,,
BMW,78,7,7_78,寶馬,X4 SAV,X4 xDrive20d,7_78,"573,000",,,,
BMW,79,7,7_79,寶馬,X4 SAV,X4 xDrive28iA,7_79,"609,000",,,,
BMW,80,7,7_80,寶馬,X4 SAV,X4 xDrive28iA xLine,7_80,"599,900",,,,
BMW,81,7,7_81,寶馬,X4 SAV,X4 xDrive28iA M Sport,7_81,"675,000",,,,
BMW,82,7,7_82,寶馬,X4 SAV,X4 xDrive35iA,7_82,"707,000",,,,
BMW,83,7,7_83,寶馬,X4 SAV,X4 xDrive35iA xLine,7_83,"743,000",,,,
BMW,84,7,7_84,寶馬,X4 SAV,X4 xDrive35iA M Sport,7_84,"798,000",,,,
BMW,85,7,7_85,寶馬,X5 SAV,X5 xDrive30d,7_85,"758,000",,,,
BMW,86,7,7_86,寶馬,X5 SAV,X5 xDrive30d M Sport,7_86,"935,000",,,,
BMW,87,7,7_87,寶馬,X5 SAV,X5 xDrive35iA,7_87,"769,900",,,,
BMW,88,7,7_88,寶馬,X5 SAV,X5 xDrive35iA M Sport,7_88,"859,900",,,,
BMW,89,7,7_89,寶馬,X5 SAV,X5 xDrive50iA,7_89,"1,178,000",,,,
BMW,90,7,7_90,寶馬,X5 SAV,X5 xDrive50iA M Sport,7_90,"1,406,000",,,,
BMW,91,7,7_91,寶馬,X6 SAC,X6 xDrive30d,7_91,"839,000",,,,
BMW,92,7,7_92,寶馬,X6 SAC,X6 xDrive30d M Sport ,7_92,"996,000",,,,
BMW,93,7,7_93,寶馬,X6 SAC,X6 xDrive35iA,7_93,"877,000",,,,
BMW,94,7,7_94,寶馬,X6 SAC,X6 xDrive35iA M Sport,7_94,"1,030,000",,,,
BMW,95,7,7_95,寶馬,X6 SAC,X6 xDrive50iA,7_95,"1,302,000",,,,
BMW,96,7,7_96,寶馬,X6 SAC,X6 xDrive50iA M Sport,7_96,"1,499,000",,,,
BMW,97,7,7_97,寶馬,6 Series Coupe,640iA,7_97,"1,128,000",,,,
BMW,98,7,7_98,寶馬,6 Series Coupe,640iA M Sport,7_98,"1,258,000",,,,
BMW,99,7,7_99,寶馬,6 Series Coupe,650iA,7_99,"1,348,000",,,,
BMW,100,7,7_100,寶馬,6 Series Coupe,650iA M Sport,7_100,"1,552,000",,,,
BMW,101,7,7_101,寶馬,6 Series Convertible,640iA,7_101,"1,264,000",,,,
BMW,102,7,7_102,寶馬,6 Series Convertible,640iA M Sport,7_102,"1,341,000",,,,
BMW,103,7,7_103,寶馬,6 Series Convertible,650iA,7_103,"1,486,000",,,,
BMW,104,7,7_104,寶馬,6 Series Convertible,650iA M Sport,7_104,"1,617,000",,,,
BMW,105,7,7_105,寶馬,6 Series Gran Coupe,640iA M Sport,7_105,"1,269,000",,,,
BMW,106,7,7_106,寶馬,6 Series Gran Coupe,650iA,7_106,"1,449,000",,,,
BMW,107,7,7_107,寶馬,6 Series Gran Coupe,650iA M Sport,7_107,"1,568,000",,,,
BMW,108,7,7_108,寶馬,7 Series Saloon,730Ld Efficient Performance,7_108,"1,352,000",,,,
BMW,109,7,7_109,寶馬,7 Series Saloon,730LiA,7_109,"1,099,000",,,,
BMW,110,7,7_110,寶馬,7 Series Saloon,740LiA Vantage,7_110,"1,522,000",,,,
BMW,111,7,7_111,寶馬,7 Series Saloon,740LiA,7_111,"1,638,000",,,,
BMW,112,7,7_112,寶馬,7 Series Saloon,740LiA M Sport,7_112,"1,843,000",,,,
BMW,113,7,7_113,寶馬,7 Series Saloon,750LiA,7_113,"1,788,000",,,,
BMW,114,7,7_114,寶馬,7 Series Saloon,750LiA M Sport,7_114,"2,119,000",,,,
BMW,115,7,7_115,寶馬,7 Series Saloon,M760LiA xDrive 4-Seater,7_115,"2,828,000",,,,
BMW,116,7,7_116,寶馬,7 Series Saloon,M760LiA xDrive 5-Seater,7_116,"2,780,000",,,,
BMW,117,7,7_117,寶馬,BMW M,M2 Coupe,7_117,"848,000",,,,
BMW,118,7,7_118,寶馬,BMW M,M3 Saloon,7_118,"1,238,000",,,,
BMW,119,7,7_119,寶馬,BMW M,M4 Coupe,7_119,"1,328,000",,,,
BMW,120,7,7_120,寶馬,BMW M,M4 Cabrio,7_120,"1,398,000",,,,
BMW,121,7,7_121,寶馬,BMW M,M5 Saloon,7_121,"1,799,000",,,,
BMW,122,7,7_122,寶馬,BMW M,M6 Coupe,7_122,"2,117,000",,,,
BMW,123,7,7_123,寶馬,BMW M,M6 Convertible,7_123,"2,285,000",,,,
BMW,124,7,7_124,寶馬,BMW M,M6 Gran Coupe,7_124,"2,233,000",,,,
BMW,125,7,7_125,寶馬,BMW M,X5M,7_125,"1,702,000",,,,
BMW,126,7,7_126,寶馬,BMW M,X6M,7_126,"1,799,000",,,,
BMW,127,7,7_127,寶馬,BMW I,i3 94Ah,7_127,"575,000",,,,
BMW,128,7,7_128,寶馬,BMW I,i8,7_128,"2,830,000",,,,
BMW,129,7,7_129,寶馬,BMW iPerformance,225xe Active Tourer,7_129,"466,000",,,,
BMW,130,7,7_130,寶馬,BMW iPerformance,330e Saloon,7_130,"629,000",,,,
BMW,131,7,7_131,寶馬,BMW iPerformance,740Le Saloon,7_131,"1,838,000",,,,
BMW,132,7,7_132,寶馬,BMW iPerformance,X5 xDrive40e,7_132,"923,000",,,,
Citroen,1,8,8_1,先進,C4 Cactus,C4 Cactus,8_1,"198,000",,,,
Citroen,2,8,8_2,先進,C4 Picasso,C4 Picasso,8_2,"298,000",,,,
Citroen,3,8,8_3,先進,C2,C2,8_3,,,,,
Citroen,4,8,8_4,先進,C3,C3,8_4,"188,000",,,,
Citroen,5,8,8_5,先進,DS3,DS3,8_5,,,,,
Citroen,6,8,8_6,先進,DS4,DS4,8_6,,,,,
Citroen,7,8,8_7,先進,DS5,DS5,8_7,,,,,
Daihatsu,1,10,10_1,大發,Charade,Charade 1.0,10_1,,,,,
Daihatsu,2,10,10_2,大發,Charade,Charade 1.3,10_2,,,,,
Daihatsu,3,10,10_3,大發,Charade,Charade 1.5,10_3,,,,,
Daihatsu,4,10,10_4,大發,Sirion,Sirion 1.3,10_4,,,,,
Daihatsu,5,10,10_5,大發,Sirion,Sirion 1.5,10_5,,,,,
Daihatsu,6,10,10_6,大發,Atrai,Atrai 7,10_6,,,,,
Daihatsu,7,10,10_7,大發,Atrai,Atrai 7 Orangevan,10_7,,,,,
Daihatsu,8,10,10_8,大發,Materia,Materia,10_8,,,,,
Daihatsu,9,10,10_9,大發,Copen,Copen,10_9,,,,,
Daihatsu,10,10,10_10,大發,Hijet,Hijet,10_10,,,,,
Daihatsu,11,10,10_11,大發,Move,Move,10_11,,,,,
Daihatsu,12,10,10_12,大發,Move,Move T,10_12,,,,,
Daihatsu,13,10,10_13,大發,Terios,Terios,10_13,,,,,
Daihatsu,14,10,10_14,大發,Gino,Gino,10_14,,,,,
Daihatsu,15,10,10_15,大發,Gino,Gino T,10_15,,,,,
Daihatsu,16,10,10_16,大發,YRV,YRV Turbo,10_16,,,,,
Daihatsu,17,10,10_17,大發,YRV,YRV Turbo R,10_17,,,,,
Daihatsu,18,10,10_18,大發,Storia,Storia,10_18,,,,,
Daihatsu,19,10,10_19,大發,L952S,L952S,10_19,,,,,
Daihatsu,20,10,10_20,大發,Mira,Mira,10_20,,,,,
Daihatsu,21,10,10_21,大發,Gran,Gran Move,10_21,,,,,
Ferrari,1,11,11_1,法拉利,812,812 Superfast,11_1,"5,318,000",,,,
Ferrari,2,11,11_2,法拉利,GTC4,GTC4 Lusso,11_2,"4,988,000",,,,
Ferrari,3,11,11_3,法拉利,GTC4,GTC4 Lusso T,11_3,"4,258,393",,,,
Ferrari,4,11,11_4,法拉利,Berlinetta,F12 Berlinetta,11_4,,,,,
Ferrari,5,11,11_5,法拉利,Spider,355 Spider,11_5,,,,,
Ferrari,6,11,11_6,法拉利,Spider,360 Spider,11_6,,,,,
Ferrari,7,11,11_7,法拉利,Spider,430 Spider,11_7,,,,,
Ferrari,8,11,11_8,法拉利,Spider,430 Spider F1,11_8,,,,,
Ferrari,9,11,11_9,法拉利,Spider,458 Spider,11_9,,,,,
Ferrari,10,11,11_10,法拉利,Spider,488 Spider,11_10,"4,692,000",,,,
Ferrari,11,11,11_11,法拉利,California,California T,11_11,,,,,
Ferrari,12,11,11_12,法拉利,California,California 30,11_12,,,,,
Ferrari,13,11,11_13,法拉利,GTA,456 GTA,11_13,,,,,
Ferrari,14,11,11_14,法拉利,GTB,488 GTB,11_14,"4,198,000",,,,
Ferrari,15,11,11_15,法拉利,GTB,599 GTB,11_15,,,,,
Ferrari,16,11,11_16,法拉利,GTC,575M GTC,11_16,,,,,
Ferrari,17,11,11_17,法拉利,Speciale,458 Speciale,11_17,,,,,
Ferrari,18,11,11_18,法拉利,Scuderia,430 Scuderia,11_18,,,,,
Ferrari,19,11,11_19,法拉利,Italia,458 Italia,11_19,,,,,
Ferrari,20,11,11_20,法拉利,Modena,360 Modena,11_20,,,,,
Ferrari,21,11,11_21,法拉利,Modena,360 Modena F1,11_21,,,,,
Ferrari,22,11,11_22,法拉利,Scaglietti,612 Scaglietti,11_22,,,,,
Ferrari,23,11,11_23,法拉利,FF,FF,11_23,,,,,
Ferrari,24,11,11_24,法拉利,Maranello,550 Maranello,11_24,,,,,
Ferrari,25,11,11_25,法拉利,Maranello,575M Maranello,11_25,,,,,
Ferrari,26,11,11_26,法拉利,F430,F430 F1,11_26,,,,,
Fiat,1,12,12_1,快意,500,500 1.4 Lounge,12_1,,,,,
Fiat,2,12,12_2,快意,500,500 1.4 CAB Lounge,12_2,,,,,
Fiat,3,12,12_3,快意,500,500C 1.4 Lounge,12_3,,,,,
Fiat,4,12,12_4,快意,500,500C Blackjack,12_4,,,,,
Fiat,5,12,12_5,快意,500,500C Convertible,12_5,,,,,
Fiat,6,12,12_6,快意,500,500S,12_6,,,,,
Fiat,7,12,12_7,快意,500,500S Convertible,12_7,,,,,
Fiat,8,12,12_8,快意,500,500 Gucci,12_8,,,,,
Fiat,9,12,12_9,快意,500,500 Gucci Convertible,12_9,,,,,
Fiat,10,12,12_10,快意,Freemont,Freemont,12_10,,,,,
Fiat,11,12,12_11,快意,Punto,Punto,12_11,,,,,
Fiat,12,12,12_12,快意,Abarth,Abarth 500,12_12,,,,,
Fiat,13,12,12_13,快意,Abarth,Abarth 500C,12_13,,,,,
Fiat,14,12,12_14,快意,Abarth,Abarth 595,12_14,,,,,
Fiat,15,12,12_15,快意,Abarth,Abarth 595 Competizione,12_15,,,,,
Fiat,16,12,12_16,快意,Abarth,Abarth 695 Tributo,12_16,,,,,
Fiat,17,12,12_17,快意,Abarth,Abarth Esseesse,12_17,,,,,
Fiat,18,12,12_18,快意,Panda,Panda,12_18,,,,,
Ford,1,13,13_1,福特,Fiesta,Fiesta,13_1,"179,900",,,,
Ford,2,13,13_2,福特,Fiesta,Fiesta 1.0 Titanium Plus,13_2,"189,900",,,,
Ford,3,13,13_3,福特,Fiesta,Fiesta ST,13_3,"229,900",,,,
Ford,4,13,13_4,福特,Focus,Focus,13_4,"259,900",,,,
Ford,5,13,13_5,福特,Focus,Focus RS,13_5,"488,000",,,,
Ford,6,13,13_6,福特,Focus,Focus ST,13_6,,,,,
Ford,7,13,13_7,福特,Focus,Focus Titanium,13_7,,,,,
Ford,8,13,13_8,福特,Focus,Focus MK2,13_8,,,,,
Ford,9,13,13_9,福特,Mustang,Mustang 2.3,13_9,"598,000",,,,
Ford,10,13,13_10,福特,Mustang,Mustang 5.0,13_10,"738,000",,,,
Ford,11,13,13_11,福特,Mustang,Mustand 5.0 Convertible,13_11,"848,000",,,,
Ford,12,13,13_12,福特,Mustang,Mustang GT,13_12,,,,,
Ford,13,13,13_13,福特,Kuga,Kuga,13_13,"249,900",,,,
Ford,14,13,13_14,福特,Kuga,Kuga Plus,13_14,"329,900",,,,
Ford,15,13,13_15,福特,Grand C-Max,Grand C-Max,13_15,"209,900",,,,
Ford,16,13,13_16,福特,S-Max,S-Max,13_16,"369,900",,,,
Ford,17,13,13_17,福特,S-Max,S-Max Sharan,13_17,,,,,
Ford,18,13,13_18,福特,S-Max,S-Max Touran,13_18,,,,,
Ford,19,13,13_19,福特,Laser,Laser,13_19,,,,,
Ford,20,13,13_20,福特,Mondeo,Mondeo,13_20,,,,,
Ford,21,13,13_21,福特,Mondeo,Mondeo Wagon,13_21,,,,,
Ford,22,13,13_22,福特,Fusion,Fusion,13_22,,,,,
Ford,23,13,13_23,福特,Ranger,Ranger,13_23,,,,,
Ford,24,13,13_24,福特,Ranger,Ranger T6,13_24,,,,,
Ford,25,13,13_25,福特,Ranger,Ranger XLT,13_25,"339,900",,,,
Ford,26,13,13_26,福特,Galaxy,Galaxy,13_26,,,,,
Honda,1,16,16_1,本田,Jazz,Jazz,16_1,,,,,
Honda,2,16,16_2,本田,Jazz,Fit,16_2,,,,,
Honda,3,16,16_3,本田,Jazz,Fit RS,16_3,,,,,
Honda,4,16,16_4,本田,Jazz,Jazz Deluxe,16_4,,,,,
Honda,5,16,16_5,本田,Jazz,Jazz Ex,16_5,,,,,
Honda,6,16,16_6,本田,Jazz,Jazz 1.3,16_6,"158,880",,,,
Honda,7,16,16_7,本田,Jazz,Jazz 1.5 RS,16_7,"188,880",,,,
Honda,8,16,16_8,本田,CR-Z,CR-Z 1.5,16_8,"263,880",,,,
Honda,9,16,16_9,本田,Freed,Freed,16_9,"234,880",,,,
Honda,10,16,16_10,本田,Freed,Freed 5-seater,16_10,,,,,
Honda,11,16,16_11,本田,Freed,Freed GB3,16_11,,,,,
Honda,12,16,16_12,本田,Freed,Freed Welcab,16_12,,,,,
Honda,13,16,16_13,本田,Freed,Freed G Welcab,16_13,,,,,
Honda,14,16,16_14,本田,Freed,Freed G Aero,16_14,,,,,
Honda,15,16,16_15,本田,Freed,Freed G Aero Hybrid,16_15,,,,,
Honda,16,16,16_16,本田,Freed,Freed 1.5 Aero,16_16,"239,880",,,,
Honda,17,16,16_17,本田,Freed,Freed Spike,16_17,,,,,
Honda,18,16,16_18,本田,Stepwgn,Stepwgn L 1.5 Turbo,16_18,"298,880",,,,
Honda,19,16,16_19,本田,Stepwgn,Stepwgn Spada 1.5 Turbo,16_19,"343,880",,,,
Honda,20,16,16_20,本田,Stepwgn,Stepwgn 2.0,16_20,,,,,
Honda,21,16,16_21,本田,Stepwgn,Stepwgn 2.4,16_21,,,,,
Honda,22,16,16_22,本田,Vezel,Vezel 1.5 LX,16_22,"234,880",,,,
Honda,23,16,16_23,本田,Vezel,Vezel 1.5 EX,16_23,"248,880",,,,
Honda,24,16,16_24,本田,Jade,Jade 1.5 RS Turbo,16_24,"258,880",,,,
Honda,25,16,16_25,本田,Odyssey,Odyssey Absolute,16_25,,,,,
Honda,26,16,16_26,本田,Odyssey,Odyssey 2.4,16_26,,,,,
Honda,27,16,16_27,本田,Odyssey,Odyssey 2.4 RB1,16_27,,,,,
Honda,28,16,16_28,本田,Odyssey,Odyssey 2.4 Prestige,16_28,"409,990",,,,
Honda,29,16,16_29,本田,Odyssey,Odyssey 2.4 Premium,16_29,"441,990",,,,
Honda,30,16,16_30,本田,Odyssey,Odyssey 2.4 Supreme,16_30,"466,990",,,,
Honda,31,16,16_31,本田,Stream,Stream,16_31,"249,880",,,,
Honda,32,16,16_32,本田,Stream,Stream 1.8 RS,16_32,,,,,
Honda,33,16,16_33,本田,Stream,Stream 2.0,16_33,,,,,
Honda,34,16,16_34,本田,Elysion ,Elysion 2.4 Aero,16_34,,,,,
Honda,35,16,16_35,本田,Elysion ,Elysion 3.0,16_35,,,,,
Honda,36,16,16_36,本田,Civic,Civic,16_36,,,,,
Honda,37,16,16_37,本田,Civic,Civic EK3,16_37,,,,,
Honda,38,16,16_38,本田,Civic,Civic Type R FD2,16_38,,,,,
Honda,39,16,16_39,本田,Civic,Civic VTI,16_39,,,,,
Honda,40,16,16_40,本田,Accord,Accord 2.0,16_40,,,,,
Honda,41,16,16_41,本田,Accord,Accord 2.3,16_41,,,,,
Honda,42,16,16_42,本田,Accord,Accord 2.4,16_42,,,,,
Honda,43,16,16_43,本田,Accord,Accord Euro R,16_43,,,,,
Honda,44,16,16_44,本田,Accord,Accord CM2,16_44,,,,,
Honda,45,16,16_45,本田,Accord,Accord Wagon,16_45,,,,,
Honda,46,16,16_46,本田,Integra,Integra DC5,16_46,,,,,
Honda,47,16,16_47,本田,HRV,HRV,16_47,,,,,
Honda,48,16,16_48,本田,Mobilio,Mobilio,16_48,,,,,
Honda,49,16,16_49,本田,Airwave,Airwave 1.5L,16_49,,,,,
Honda,50,16,16_50,本田,Airwave,Airwave ST,16_50,,,,,
Honda,51,16,16_51,本田,Crossroad,Crossroad,16_51,,,,,
Honda,52,16,16_52,本田,Insight ,Insight Hybrid,16_52,,,,,
Honda,53,16,16_53,本田,EDIX,EDIX,16_53,,,,,
Honda,54,16,16_54,本田,CR-V,CR-V 1.5,16_54,"369,880",,,,
Hyundai,1,17,17_1,現代,IONIQ,IONIQ Hybrid,17_1,"258,800",,,,
Hyundai,2,17,17_2,現代,i20,i20,17_2,"168,000",,,,
Hyundai,3,17,17_3,現代,Elantra,Elantra,17_3,"178,800",,,,
Hyundai,4,17,17_4,現代,Elantra,Elantra Premium,17_4,"208,800",,,,
Hyundai,5,17,17_5,現代,Genesis,Genesis,17_5,"458,000",,,,
Hyundai,6,17,17_6,現代,Tucson,Tucson 2.0,17_6,"218,800",,,,
Hyundai,7,17,17_7,現代,Tucson,Tucson Premium,17_7,"258,800",,,,
Hyundai,8,17,17_8,現代,Tucson,Tucson,17_8,,,,,
Hyundai,9,17,17_9,現代,Santa Fe,Santa Fe ,17_9,"308,800",,,,
Hyundai,10,17,17_10,現代,Santa Fe,Santa Fe Deluxe,17_10,"299,000",,,,
Hyundai,11,17,17_11,現代,Santa Fe,Santa Fe Premium,17_11,"338,800",,,,
Hyundai,12,17,17_12,現代,Veloster,Veloster Turbo,17_12,"248,800",,,,
Hyundai,13,17,17_13,現代,Grand Starex,Grand Starex,17_13,"355,000",,,,
Hyundai,14,17,17_14,現代,H1 Van,H1 Van Euro 6,17_14,"259,800",,,,
Hyundai,15,17,17_15,現代,H1 Van,H1 Van Euro 5,17_15,"254,910",,,,
Hyundai,16,17,17_16,現代,HD65,HD65,17_16,"289,000",,,,
Hyundai,17,17,17_17,現代,I30,I30,17_17,"198,800",,,,
Hyundai,18,17,17_18,現代,I40,I40,17_18,,,,,
Hyundai,19,17,17_19,現代,I40,I40 Wagon,17_19,,,,,
Hyundai,20,17,17_20,現代,Sonata,Sonata 2.0,17_20,,,,,
Hyundai,21,17,17_21,現代,Sonata,Sonata 2.4,17_21,,,,,
Hyundai,22,17,17_22,現代,Trajet,Trajet,17_22,,,,,
Hyundai,23,17,17_23,現代,IONIQ,IONIQ Electric,17_23,"318,800",,,,
Hyundai,24,17,17_24,現代,IONIQ,IONIQ Electric Safety + package,17_24,"348,800",,,,
Hyundai,25,17,17_25,現代,IONIQ,IONIQ Electric Urban,17_25,"278,800",,,,
Hyundai,26,17,17_26,現代,H1 Van,H1 Van Premium (Euro 6),17_26,"238,800",,,,
Hyundai,27,17,17_27,現代,H1 Van,H-1 M/T (Euro 6),17_27,"238,800",,,,
Infiniti,1,18,18_1,INFINITI,Q30,Q30 2.0t Sport,18_1,"449,800",,,,
Infiniti,2,18,18_2,INFINITI,Q30,Q30 2.0t GT,18_2,"369,800",,,,
Infiniti,3,18,18_3,INFINITI,Q30,Q30 1.6t GT,18_3,"329,800",,,,
Infiniti,4,18,18_4,INFINITI,Q30,Q30 1.6t Essential,18_4,"269,800",,,,
Infiniti,5,18,18_5,INFINITI,Q50,Q50S Hybrid,18_5,"619,800",,,,
Infiniti,6,18,18_6,INFINITI,Q50,Q50 2.0t DAS,18_6,"389,800",,,,
Infiniti,7,18,18_7,INFINITI,Q50,Q50 2.0t Sports,18_7,"339,800",,,,
Infiniti,8,18,18_8,INFINITI,Q50,Q50 2.0t Se Plus,18_8,"369,800",,,,
Infiniti,9,18,18_9,INFINITI,Q50,Q50 3.0t GT,18_9,"399,800",,,,
Infiniti,10,18,18_10,INFINITI,Q50,Q50 3.0t Tech,18_10,"429,800",,,,
Infiniti,11,18,18_11,INFINITI,Q50,Q50s 3.0t Red Sport,18_11,"599,800",,,,
Infiniti,12,18,18_12,INFINITI,Q60,Q60 G37 Convertible,18_12,,,,,
Infiniti,13,18,18_13,INFINITI,Q60,Q60 2.0t Tech,18_13,"479,800",,,,
Infiniti,14,18,18_14,INFINITI,Q70,Q70S 3.7,18_14,"569,800",,,,
Infiniti,15,18,18_15,INFINITI,Q70,Q70 2.5,18_15,"389,800",,,,
Infiniti,16,18,18_16,INFINITI,Q70,Q70L Hybrid,18_16,"629,800",,,,
Infiniti,17,18,18_17,INFINITI,QX70,QX70 3.7,18_17,"599,800",,,,
Infiniti,18,18,18_18,INFINITI,QX70,QX70 FX50S,18_18,,,,,
Infiniti,19,18,18_19,INFINITI,QX70,QX70S 5.0 AWD Premium,18_19,,,,,
Infiniti,20,18,18_20,INFINITI,QX80,QX80,18_20,"1,388,800",,,,
Infiniti,21,18,18_21,INFINITI,M35,M35H Hybrid,18_21,,,,,
Infiniti,22,18,18_22,INFINITI,G37,G37,18_22,,,,,
Infiniti,23,18,18_23,INFINITI,G37,G37 Convertible ,18_23,,,,,
Infiniti,24,18,18_24,INFINITI,350 GT,350 GT,18_24,,,,,
Jaguar,1,22,22_1,積架,XE,XE,22_1,"348,000",,,,
Jaguar,2,22,22_2,積架,XE,XE RSPORT,22_2,"398,000",,,,
Jaguar,3,22,22_3,積架,XE,XE 3.0,22_3,"809,900",,,,
Jaguar,4,22,22_4,積架,XF,XF 2.0,22_4,"449,000",,,,
Jaguar,5,22,22_5,積架,XF,XF 2.0 RSPORT,22_5,"589,900",,,,
Jaguar,6,22,22_6,積架,XF,XF 2.0 TI LUX,22_6,,,,,
Jaguar,7,22,22_7,積架,XF,XF 25t Prestige,22_7,"428,000",,,,
Jaguar,8,22,22_8,積架,XF,XF 25t RSport,22_8,"499,000",,,,
Jaguar,9,22,22_9,積架,XF,XF 3.0,22_9,"739,900",,,,
Jaguar,10,22,22_10,積架,XF,XF 3.0 SE,22_10,,,,,
Jaguar,11,22,22_11,積架,XF,XF 3.0 RSPORT,22_11,"798,900",,,,
Jaguar,12,22,22_12,積架,XF,XF 4.2,22_12,,,,,
Jaguar,13,22,22_13,積架,XF,XF SV8,22_13,,,,,
Jaguar,14,22,22_14,積架,XF,XFR,22_14,,,,,
Jaguar,15,22,22_15,積架,XF,XF RSPORT,22_15,,,,,
Jaguar,16,22,22_16,積架,XJ,XJ RSPORT SWB,22_16,"1,698,000",,,,
Jaguar,17,22,22_17,積架,XJ,XJ Luxury LWB 2.0T,22_17,"998,000",,,,
Jaguar,18,22,22_18,積架,XJ,XJ Premium Luxury LWB,22_18,"1,398,000",,,,
Jaguar,19,22,22_19,積架,XJ,XJ 5.0,22_19,"798,000",,,,
Jaguar,20,22,22_20,積架,XJ,XJL 3.0,22_20,,,,,
Jaguar,21,22,22_21,積架,XJ,XJL 5.0,22_21,,,,,
Jaguar,22,22,22_22,積架,XJ,XJ6,22_22,,,,,
Jaguar,23,22,22_23,積架,XJ,XJ8,22_23,,,,,
Jaguar,24,22,22_24,積架,X Type,X Type,22_24,,,,,
Jaguar,25,22,22_25,積架,X Type,X Type Sport,22_25,,,,,
Jaguar,26,22,22_26,積架,F Type,F Type V6 Coupe,22_26,"1,148,000",,,,
Jaguar,27,22,22_27,積架,F Type,F Type V6 S Coupe,22_27,"1,698,000",,,,
Jaguar,28,22,22_28,積架,F Type,F Type V8 R Coupe,22_28,"2,188,000",,,,
Jaguar,29,22,22_29,積架,F Type,V6 Convertible,22_29,"1,358,000",,,,
Jaguar,30,22,22_30,積架,F Type,V6 S Convertible,22_30,"1,668,000",,,,
Jaguar,31,22,22_31,積架,F-Pace,F-Pace 35t,22_31,"538,000",,,,
Jaguar,32,22,22_32,積架,F-Pace,F-Pace First Edition,22_32,"1,168,800",,,,
Jaguar,33,22,22_33,積架,S Type,S Type,22_33,,,,,
Jaguar,34,22,22_34,積架,S Type,S Type R,22_34,,,,,
Jaguar,35,22,22_35,積架,S Type,S Type 3.0 Sport,22_35,,,,,
Jaguar,36,22,22_36,積架,XKR,XKR Supercharge,22_36,,,,,
Jaguar,37,22,22_37,積架,XKR,XKR Supercharge Convertible,22_37,,,,,
Jaguar,38,22,22_38,積架,XK8,XK8,22_38,,,,,
Jaguar,39,22,22_39,積架,XJR,XJR,22_39,,,,,
Jaguar,40,22,22_40,積架,E-Pace,E-Pace,22_40,"438,000",,,,
Jeep,1,23,23_1,JEEP,Compass,Compass Limited 2.0 FWD,23_1,"328,000",,,,
Jeep,2,23,23_2,JEEP,Compass,Compass Limited 2.4 4WD,23_2,"398,000",,,,
Jeep,3,23,23_3,JEEP,Cherokee,Cherokee Limited 2.4 FWD,23_3,"518,000",,,,
Jeep,4,23,23_4,JEEP,Cherokee,Cherokee Limited 3.2 4WD,23_4,"668,000",,,,
Jeep,5,23,23_5,JEEP,Grand Cherokee,Grand Cherokee Limited,23_5,"698,000",,,,
Jeep,6,23,23_6,JEEP,Grand Cherokee,Grand Cherokee Overland,23_6,"738,000",,,,
Jeep,7,23,23_7,JEEP,Grand Cherokee,Grand Cherokee Summit,23_7,"798,000",,,,
Jeep,8,23,23_8,JEEP,Grand Cherokee,Grand Cherokee SRT,23_8,"1,080,000",,,,
Jeep,9,23,23_9,JEEP,Renegade,Renegade,23_9,"278,000",,,,
Jeep,10,23,23_10,JEEP,Wrangler,Wrangler Sahara,23_10,"478,000",,,,
Jeep,11,23,23_11,JEEP,Wrangler,Wrangler Unlimited Sahara,23_11,"508,000",,,,
Jeep,12,23,23_12,JEEP,Wrangler,Wrangler Rubicon,23_12,"508,000",,,,
Jeep,13,23,23_13,JEEP,Wrangler,Wrangler Unlimited Rubicon,23_13,"538,000",,,,
Jeep,14,23,23_14,JEEP,Wrangler,Wrangler Unlimited Sport,23_14,,,,,
Jeep,15,23,23_15,JEEP,Wrangler,Wrangler X RHD,23_15,,,,,
Jeep,16,23,23_16,JEEP,Hummer,Hummer H2,23_16,,,,,
Jeep,17,23,23_17,JEEP,Hummer,Hummer H3,23_17,,,,,
Jeep,18,23,23_18,JEEP,Golden,Golden Eagle,23_18,,,,,
Kia,1,24,24_1,起亞,Morning,Morning LX,24_1,"108,000",,,,
Kia,2,24,24_2,起亞,Morning,Morning EX,24_2,"119,900",,,,
Kia,3,24,24_3,起亞,Morning,Morning SLX,24_3,,,,,
Kia,4,24,24_4,起亞,Morning,Morning EX Premium,24_4,"125,000",,,,
Kia,5,24,24_5,起亞,Morning,Morning EX+ Sport,24_5,"129,800",,,,
Kia,6,24,24_6,起亞,Optima,Optima,24_6,"279,900",,,,
Kia,7,24,24_7,起亞,Soul,Soul,24_7,"199,990",,,,
Kia,8,24,24_8,起亞,Soul,Soul Sport,24_8,,,,,
Kia,9,24,24_9,起亞,Soul,Soul Sunroof,24_9,"209,000",,,,
Kia,10,24,24_10,起亞,Sportage,Sportage EX,24_10,"199,980",,,,
Kia,11,24,24_11,起亞,Sportage,Sportage EX+,24_11,"239,000",,,,
Kia,12,24,24_12,起亞,Sportage,Sportage EX Premium,24_12,"268,000",,,,
Kia,13,24,24_13,起亞,Sorento,Sorento V,24_13,"268,800",,,,
Kia,14,24,24_14,起亞,Sorento,Sorento 2WD,24_14,"319,900",,,,
Kia,15,24,24_15,起亞,Sorento,Sorento AWD,24_15,"329,900",,,,
Kia,16,24,24_16,起亞,Sorento,Sorento 2WD Premium,24_16,"329,900",,,,
Kia,17,24,24_17,起亞,Sorento,Sorento AWD Premium,24_17,"339,900",,,,
Kia,18,24,24_18,起亞,Sorento,Sorento GT,24_18,"349,900",,,,
Kia,19,24,24_19,起亞,Sorento,Sorento Diesel X,24_19,"299,980",,,,
Kia,20,24,24_20,起亞,Sorento,Sorento Diesel V,24_20,"329,880",,,,
Kia,21,24,24_21,起亞,Sorento,Sorento Diesel Platinum,24_21,"388,880",,,,
Kia,22,24,24_22,起亞,Carens,Carens EX,24_22,"199,900",,,,
Kia,23,24,24_23,起亞,Carens,Carens EX Premium,24_23,"239,000",,,,
Kia,24,24,24_24,起亞,Carens,Carens,24_24,,,,,
Kia,25,24,24_25,起亞,K2500,K2500,24_25,"199,000",,,,
Kia,26,24,24_26,起亞,Carnival,Carnival,24_26,,,,,
Kia,27,24,24_27,起亞,Rio,Rio,24_27,,,,,
Lamborghini,1,26,26_1,林寶堅尼,Huracan,LP5802,26_1,,,,,
Lamborghini,2,26,26_2,林寶堅尼,Huracan,LP6102,26_2,,,,,
Lamborghini,3,26,26_3,林寶堅尼,Huracan,LP6104 Spyder,26_3,,,,,
Lamborghini,4,26,26_4,林寶堅尼,Huracan,LP6104,26_4,,,,,
Lamborghini,5,26,26_5,林寶堅尼,Huracan,LP6202 Super Trofeo,26_5,,,,,
Lamborghini,6,26,26_6,林寶堅尼,Huracan,Huracan Performante,26_6,"4,880,000",,,,
Lamborghini,7,26,26_7,林寶堅尼,Huracan,Huracan Coupe,26_7,"4,180,000",,,,
Lamborghini,8,26,26_8,林寶堅尼,Huracan,Huracan Spyder,26_8,"4,480,000",,,,
Lamborghini,9,26,26_9,林寶堅尼,Huracan,Huracan RWD Coupe,26_9,"3,598,900",,,,
Lamborghini,10,26,26_10,林寶堅尼,Huracan,Huracan RWD Spyder,26_10,"3,980,000",,,,
Lamborghini,11,26,26_11,林寶堅尼,Huracan,Huracan Avio,26_11,"4,480,000",,,,
Lamborghini,12,26,26_12,林寶堅尼,Aventador,LP7504 Superveloce Roadster,26_12,,,,,
Lamborghini,13,26,26_13,林寶堅尼,Aventador,LP7504 Superveloce,26_13,,,,,
Lamborghini,14,26,26_14,林寶堅尼,Aventador,LP7004,26_14,,,,,
Lamborghini,15,26,26_15,林寶堅尼,Aventador,LP7004 Roadster,26_15,,,,,
Lamborghini,16,26,26_16,林寶堅尼,Aventador,Aventador S Coupe,26_16,"6,680,000",,,,
Lamborghini,17,26,26_17,林寶堅尼,Aventador,Aventador Coupe,26_17,,,,,
Lamborghini,18,26,26_18,林寶堅尼,Aventador,Aventador SV Coupe,26_18,"8,580,000",,,,
Lamborghini,19,26,26_19,林寶堅尼,Aventador,Aventador SV Roadster,26_19,"7,280,000",,,,
Lamborghini,20,26,26_20,林寶堅尼,Aventador,Aventador Pirelli,26_20,,,,,
Lamborghini,21,26,26_21,林寶堅尼,Aventador,Aventador Miura Homage,26_21,,,,,
Lamborghini,22,26,26_22,林寶堅尼,Gallardo,Gallardo,26_22,,,,,
Lamborghini,23,26,26_23,林寶堅尼,Gallardo,Gallardo Spyder,26_23,,,,,
Lamborghini,24,26,26_24,林寶堅尼,Gallardo,Superleggera,26_24,,,,,
Lamborghini,25,26,26_25,林寶堅尼,Gallardo,LP5502,26_25,,,,,
Lamborghini,26,26,26_26,林寶堅尼,Gallardo,LP5604,26_26,,,,,
Lamborghini,27,26,26_27,林寶堅尼,Gallardo,LP5604 Bicolore,26_27,,,,,
Lamborghini,28,26,26_28,林寶堅尼,Gallardo,LP5704,26_28,,,,,
Lamborghini,29,26,26_29,林寶堅尼,Gallardo,LP5704 Super Trofeo,26_29,,,,,
Lamborghini,30,26,26_30,林寶堅尼,Murcielago,LP640,26_30,,,,,
Lamborghini,31,26,26_31,林寶堅尼,Murcielago,LP670,26_31,,,,,
Lamborghini,32,26,26_32,林寶堅尼,Murcielago,Murcielago Roadster,26_32,,,,,
Lamborghini,33,26,26_33,林寶堅尼,One Off,Centenario,26_33,,,,,
Lamborghini,34,26,26_34,林寶堅尼,One Off,Veneno Roadster,26_34,,,,,
Lamborghini,35,26,26_35,林寶堅尼,One Off,Centenario Roadster,26_35,,,,,
Land Rover,1,27,27_1,越野路華,Discovery,Defender,27_1,,,,,
Land Rover,2,27,27_2,越野路華,Discovery,Discovery Graphite ,27_2,"698,000",,,,
Land Rover,3,27,27_3,越野路華,Discovery,Discovery Sport,27_3,"449,000",,,,
Land Rover,4,27,27_4,越野路華,Discovery,Discovery Sport 7-seater,27_4,"499,000",,,,
Land Rover,5,27,27_5,越野路華,Discovery,Discovery Sport SE,27_5,"479,000",,,,
Land Rover,6,27,27_6,越野路華,Discovery,Discovery Sport 7-seater SE,27_6,"559,000",,,,
Land Rover,7,27,27_7,越野路華,Discovery,Discovery 7-seater,27_7,"898,000",,,,
Land Rover,8,27,27_8,越野路華,Discovery,Discovery 2,27_8,,,,,
Land Rover,9,27,27_9,越野路華,Discovery,Discovery 2 7-seater,27_9,,,,,
Land Rover,10,27,27_10,越野路華,Discovery,Discovery 3,27_10,,,,,
Land Rover,11,27,27_11,越野路華,Discovery,Discovery 3 7-seater,27_11,"938,000",,,,
Land Rover,12,27,27_12,越野路華,Discovery,Discovery 4,27_12,,,,,
Land Rover,13,27,27_13,越野路華,Discovery,Discovery 4 7-seater,27_13,,,,,
Land Rover,14,27,27_14,越野路華,Discovery,Freelander,27_14,,,,,
Land Rover,15,27,27_15,越野路華,Discovery,Freelander 2,27_15,,,,,
Land Rover,16,27,27_16,越野路華,Discovery,Freelander 3.2,27_16,,,,,
Land Rover,17,27,27_17,越野路華,Range Rover,Range Rover Evoque,27_17,"589,000",,,,
Land Rover,18,27,27_18,越野路華,Range Rover,Range Rover Evoque Prestige,27_18,,,,,
Land Rover,19,27,27_19,越野路華,Range Rover,Range Rover Evoque Dynamic,27_19,"738,000",,,,
Land Rover,20,27,27_20,越野路華,Range Rover,Range Rover Evoque HSE,27_20,"748,000",,,,
Land Rover,21,27,27_21,越野路華,Range Rover,Range Rover Evoque Coupe ,27_21,"898,000",,,,
Land Rover,22,27,27_22,越野路華,Range Rover,Range Rover Evoque Convertible,27_22,"998,000",,,,
Land Rover,23,27,27_23,越野路華,Range Rover,Range Rover Sport Supercharged,27_23,"1,348,000",,,,
Land Rover,24,27,27_24,越野路華,Range Rover,Range Rover Sport Autobiography,27_24,"1,778,000",,,,
Land Rover,25,27,27_25,越野路華,Range Rover,Range Rover Sport Dynamic,27_25,"1,988,000",,,,
Land Rover,26,27,27_26,越野路華,Range Rover,Range Rover Sport Autobiography Dynamic,27_26,"2,088,000",,,,
Land Rover,27,27,27_27,越野路華,Range Rover,Range Rover Supercharged,27_27,"2,298,000",,,,
Land Rover,28,27,27_28,越野路華,Range Rover,Range Rover Autobiography,27_28,"2,748,000",,,,
Land Rover,29,27,27_29,越野路華,Range Rover,Range Rover 5.0 Supercharged,27_29,"2,508,000",,,,
Land Rover,30,27,27_30,越野路華,Range Rover,Range Rover 5.0 Autobiography,27_30,"2,780,000",,,,
Land Rover,31,27,27_31,越野路華,Range Rover,Range Rover Vogue SE LWB,27_31,"2,618,000",,,,
Land Rover,32,27,27_32,越野路華,Range Rover,Range Rover Autobiography LWB,27_32,"2,988,000",,,,
Land Rover,33,27,27_33,越野路華,Range Rover,Range Rover 4.2,27_33,,,,,
Land Rover,34,27,27_34,越野路華,Range Rover,Range Rover 4.4,27_34,,,,,
Land Rover,35,27,27_35,越野路華,Range Rover,Range Rover Overfinch,27_35,,,,,
Lexus,1,25,25_1,凌志,CT,CT200h,25_1,"309,750",,,,
Lexus,2,25,25_2,凌志,CT,CT200h F SPORT,25_2,"364,700",,,,
Lexus,3,25,25_3,凌志,CT,CT200h Ultimate,25_3, ,,,,
Lexus,4,25,25_4,凌志,IS,IS200,25_4, ,,,,
Lexus,5,25,25_5,凌志,IS,IS200t,25_5,"349,300",,,,
Lexus,6,25,25_6,凌志,IS,IS200t Ultimate,25_6,"473,500",,,,
Lexus,7,25,25_7,凌志,IS,IS200t F SPORT,25_7,"409,500",,,,
Lexus,8,25,25_8,凌志,IS,IS250,25_8,"399,980",,,,
Lexus,9,25,25_9,凌志,IS,IS250 Deluxe,25_9, ,,,,
Lexus,10,25,25_10,凌志,IS,IS250 Ultimate,25_10, ,,,,
Lexus,11,25,25_11,凌志,IS,IS250C,25_11, ,,,,
Lexus,12,25,25_12,凌志,IS,IS300,25_12,"375,900",,,,
Lexus,13,25,25_13,凌志,IS,IS300h,25_13,"439,950",,,,
Lexus,14,25,25_14,凌志,IS,IS300 F SPORT,25_14,"435,750",,,,
Lexus,15,25,25_15,凌志,IS,IS350 F SPORT,25_15,"710,100",,,,
Lexus,16,25,25_16,凌志,IS,ISF,25_16, ,,,,
Lexus,17,25,25_17,凌志,ES,ES250,25_17,"449,750",,,,
Lexus,18,25,25_18,凌志,ES,ES250 Ultimate,25_18,"515,500",,,,
Lexus,19,25,25_19,凌志,ES,ES300,25_19, ,,,,
Lexus,20,25,25_20,凌志,ES,ES300 Deluxe,25_20, ,,,,
Lexus,21,25,25_21,凌志,ES,ES300h,25_21,"529,500",,,,
Lexus,22,25,25_22,凌志,ES,ES300h Ultimate,25_22,"589,500",,,,
Lexus,23,25,25_23,凌志,GS,GS200t,25_23,"449,750",,,,
Lexus,24,25,25_24,凌志,GS,GS200t F SPORT,25_24,"529,500",,,,
Lexus,25,25,25_25,凌志,GS,GSF,25_25,"1,490,410",,,,
Lexus,26,25,25_26,凌志,GS,GS250,25_26,"429,800",,,,
Lexus,27,25,25_27,凌志,GS,GS250 Deluxe,25_27, ,,,,
Lexus,28,25,25_28,凌志,GS,GS250 Ultimate,25_28,"559,900",,,,
Lexus,29,25,25_29,凌志,GS,GS250 F SPORT,25_29, ,,,,
Lexus,30,25,25_30,凌志,GS,GS300,25_30,"459,900",,,,
Lexus,31,25,25_31,凌志,GS,GS300 Deluxe,25_31, ,,,,
Lexus,32,25,25_32,凌志,GS,GS300h,25_32, ,,,,
Lexus,33,25,25_33,凌志,GS,GS300h Ultimate,25_33, ,,,,
Lexus,34,25,25_34,凌志,GS,GS350,25_34,"748,900",,,,
Lexus,35,25,25_35,凌志,GS,GS350 Ultimate,25_35, ,,,,
Lexus,36,25,25_36,凌志,GS,GS350 F SPORT,25_36,"539,900",,,,
Lexus,37,25,25_37,凌志,GS,GS450h,25_37,"834,900",,,,
Lexus,38,25,25_38,凌志,GS,GS450h Ultimate,25_38,"913,995",,,,
Lexus,39,25,25_39,凌志,RC,RC F,25_39,"1,298,630",,,,
Lexus,40,25,25_40,凌志,LS,LS430,25_40, ,,,,
Lexus,41,25,25_41,凌志,LS,LS460,25_41,"1,543,300",,,,
Lexus,42,25,25_42,凌志,LS,LS460L,25_42,"1,622,420",,,,
Lexus,43,25,25_43,凌志,LS,LS600h F SPORT,25_43,"1,847,740",,,,
Lexus,44,25,25_44,凌志,LS,LS600HL,25_44,"1,899,340",,,,
Lexus,45,25,25_45,凌志,NX,NX200t,25_45,"444,850",,,,
Lexus,46,25,25_46,凌志,NX,NX200t Ultimate,25_46,"479,500",,,,
Lexus,47,25,25_47,凌志,NX,NX200t F SPORT,25_47,"535,500",,,,
Lexus,48,25,25_48,凌志,NX,NX300h,25_48,"549,500",,,,
Lexus,49,25,25_49,凌志,NX,NX300h Ultimate,25_49,"549,000",,,,
Lexus,50,25,25_50,凌志,RX,RX200t,25_50,"549,000",,,,
Lexus,51,25,25_51,凌志,RX,RX200t Ultimate,25_51,"585,500",,,,
Lexus,52,25,25_52,凌志,RX,RX200t F SPORT,25_52,"639,500",,,,
Lexus,53,25,25_53,凌志,RX,RX270,25_53,"499,900",,,,
Lexus,54,25,25_54,凌志,RX,RX270 Ultimate,25_54, ,,,,
Lexus,55,25,25_55,凌志,RX,RX300,25_55,"549,000",,,,
Lexus,56,25,25_56,凌志,RX,RX350,25_56,"599,900",,,,
Lexus,57,25,25_57,凌志,RX,RX350 Ultimate,25_57, ,,,,
Lexus,58,25,25_58,凌志,RX,RX350 F SPORT Plus,25_58,"769,500",,,,
Lexus,59,25,25_59,凌志,RX,RX400h,25_59, ,,,,
Lexus,60,25,25_60,凌志,RX,RX450h,25_60,"741,000",,,,
Lexus,61,25,25_61,凌志,RX,RX450h Ultimate,25_61,"815,500",,,,
Lexus,62,25,25_62,凌志,RX,RX450h Ultimate Plus,25_62,"869,500",,,,
Lexus,63,25,25_63,凌志,LX,LX570,25_63, ,,,,
Lexus,64,25,25_64,凌志,LS,LS350,25_64,"1,228,325",,,,
Lexus,65,25,25_65,凌志,LS,LS500,25_65,"1,399,680",,,,
Lexus,66,25,25_66,凌志,LS,LS500 Premium,25_66,"1,480,950",,,,
Lexus,67,25,25_67,凌志,LS,LS500h,25_67,"1,780,015",,,,
Lotus,1,28,28_1,蓮花,Evora,Evora 400,28_1,,,,,
Lotus,2,28,28_2,蓮花,Evora,Evora 400 Hethel Edition,28_2,,,,,
Lotus,3,28,28_3,蓮花,Evora,Evora S 410,28_3,,,,,
Lotus,4,28,28_4,蓮花,Exige,Exige S,28_4,,,,,
Lotus,5,28,28_5,蓮花,Exige,Exige S240,28_5,,,,,
Lotus,6,28,28_6,蓮花,Exige,Exige S260,28_6,,,,,
Lotus,7,28,28_7,蓮花,Exige,Exige 360 Cup,28_7,,,,,
Lotus,8,28,28_8,蓮花,Exige,Exige Sport 350,28_8,,,,,
Lotus,9,28,28_9,蓮花,Exige,Exige Sport 380,28_9,,,,,
Lotus,10,28,28_10,蓮花,Exige,Exige Cup 380,28_10,,,,,
Lotus,11,28,28_11,蓮花,Exige,Exige Race 380,28_11,,,,,
Lotus,12,28,28_12,蓮花,Elise,Elise R,28_12,,,,,
Lotus,13,28,28_13,蓮花,Elise,Elise Sport,28_13,,,,,
Lotus,14,28,28_14,蓮花,Elise,Elise S2,28_14,,,,,
Lotus,15,28,28_15,蓮花,Elise,Elise SC,28_15,,,,,
Lotus,16,28,28_16,蓮花,Elise,Elise Sport 220,28_16,,,,,
Lotus,17,28,28_17,蓮花,Elise,Elise Sprint,28_17,,,,,
Lotus,18,28,28_18,蓮花,Elise,Elise Sprint 220,28_18,,,,,
Lotus,19,28,28_19,蓮花,Elise,Elise Cup,28_19,,,,,
Lotus,20,28,28_20,蓮花,Elise,Elise CR,28_20,,,,,
Lotus,21,28,28_21,蓮花,Elise,111R,28_21,,,,,
Lotus,22,28,28_22,蓮花,Elise,111S,28_22,,,,,
Lotus,23,28,28_23,蓮花,EUROPA,EUROPA,28_23,,,,,
Maserati,1,30,30_1,瑪莎拉蒂,Ghibli,Ghibli,30_1,"998,000",,,,
Maserati,2,30,30_2,瑪莎拉蒂,Ghibli,Ghibli S,30_2,"1,278,000",,,,
Maserati,3,30,30_3,瑪莎拉蒂,Quattroporte,Quattroporte Elite,30_3,,,,,
Maserati,4,30,30_4,瑪莎拉蒂,Quattroporte,Quattroporte S,30_4,,,,,
Maserati,5,30,30_5,瑪莎拉蒂,Quattroporte,Quattroporte GTS,30_5,"2,198,000",,,,
Maserati,6,30,30_6,瑪莎拉蒂,Quattroporte,Quattroporte Ermenegildo Zegna,30_6,,,,,
Maserati,7,30,30_7,瑪莎拉蒂,Quattroporte,Quattroporte FL,30_7,,,,,
Maserati,8,30,30_8,瑪莎拉蒂,GranTurismo,GranTurismo,30_8,,,,,
Maserati,9,30,30_9,瑪莎拉蒂,GranTurismo,GranTurismo GTS,30_9,,,,,
Maserati,10,30,30_10,瑪莎拉蒂,GranTurismo,GranTurismo Sport Automatic,30_10,,,,,
Maserati,11,30,30_11,瑪莎拉蒂,GranTurismo,GranTurismo Sport,30_11,"2,088,000",,,,
Maserati,12,30,30_12,瑪莎拉蒂,GranTurismo,GranTurismo S Cabrio,30_12,,,,,
Maserati,13,30,30_13,瑪莎拉蒂,GranTurismo,GranTurismo MC Stradale,30_13,"2,238,000",,,,
Maserati,14,30,30_14,瑪莎拉蒂,GranTurismo,GranTurismo MC Centennial Edition,30_14,,,,,
Maserati,15,30,30_15,瑪莎拉蒂,GranCabrio,GranCabrio,30_15,,,,,
Maserati,16,30,30_16,瑪莎拉蒂,GranCabrio,GranCabrio GTS,30_16,,,,,
Maserati,17,30,30_17,瑪莎拉蒂,GranCabrio,GranCabrio Sport,30_17,"2,188,000",,,,
Maserati,18,30,30_18,瑪莎拉蒂,GranCabrio,GranCabrio MC,30_18,"2,388,000",,,,
Maserati,19,30,30_19,瑪莎拉蒂,GranCabrio,GranCabrio MC Centennial Edition,30_19,,,,,
Maserati,20,30,30_20,瑪莎拉蒂,Spyder,Spyder Cambio GT,30_20,,,,,
Maserati,21,30,30_21,瑪莎拉蒂,Spyder,Spyder Corsa GT,30_21,,,,,
Maserati,22,30,30_22,瑪莎拉蒂,Cambiocorsa,Cambiocorsa,30_22,,,,,
Maserati,23,30,30_23,瑪莎拉蒂,GranSport,GranSport,30_23,,,,,
Maserati,24,30,30_24,瑪莎拉蒂,GranSport,GranSport Giugiaro,30_24,,,,,
Maserati,25,30,30_25,瑪莎拉蒂,Spider,Spyder GT,30_25,,,,,
Mazda,1,31,31_1,萬事得,Mazda 2,Mazda 2 1.3,31_1,,,,,
Mazda,2,31,31_2,萬事得,Mazda 2,Mazda 2 1.3 R-Grade,31_2,,,,,
Mazda,3,31,31_3,萬事得,Mazda 2,Mazda 2 1.5,31_3,"179,990",,,,
Mazda,4,31,31_4,萬事得,Mazda 2,Mazda 2 1.5 R-Grade,31_4,"189,900",,,,
Mazda,5,31,31_5,萬事得,Mazda 3,Mazda 3 1.5,31_5,"199,900",,,,
Mazda,6,31,31_6,萬事得,Mazda 3,Mazda 3 1.5 i-Plus,31_6,"239,990",,,,
Mazda,7,31,31_7,萬事得,Mazda 3,Mazda 3 2.0 Hatch,31_7,"239,990",,,,
Mazda,8,31,31_8,萬事得,Mazda 3,Mazda 3 2.0 i-Plus Hatch,31_8,"259,990",,,,
Mazda,9,31,31_9,萬事得,Mazda 3,Mazda 3S Hatch,31_9,,,,,
Mazda,10,31,31_10,萬事得,Mazda 5,Mazda 5,31_10,"199,900",,,,
Mazda,11,31,31_11,萬事得,Mazda 5,Mazda 5 Grand Edition,31_11,"204,990",,,,
Mazda,12,31,31_12,萬事得,Mazda 6,Mazda 6 2.5G V-Grade,31_12,"239,900",,,,
Mazda,13,31,31_13,萬事得,Mazda 6,Mazda 6 2.5G T-Grade,31_13,"279,900",,,,
Mazda,14,31,31_14,萬事得,Mazda 6,Mazda 6 2.5G R-Grade,31_14,"279,900",,,,
Mazda,15,31,31_15,萬事得,Mazda 6,Mazda 6 2.2 Diesel V-Grade,31_15,"299,900",,,,
Mazda,16,31,31_16,萬事得,Mazda 6,Mazda 6 2.2 Diesel R-Grade,31_16,"349,900",,,,
Mazda,17,31,31_17,萬事得,Mazda 6,Mazda 6 2.3 MZR,31_17,,,,,
Mazda,18,31,31_18,萬事得,Mazda 6,Mazda 6 2.3 MZR Wagon,31_18,"332,990",,,,
Mazda,19,31,31_19,萬事得,Mazda 6,Mazda 6S,31_19,,,,,
Mazda,20,31,31_20,萬事得,Mazda 6,Mazda 6 2.5G,31_20,"246,688",,,,
Mazda,21,31,31_21,萬事得,Mazda 6,Mazda 6 2.5G i-Plus,31_21,"299,990",,,,
Mazda,22,31,31_22,萬事得,Mazda 6,Mazda 6 2.2D,31_22,"329,900",,,,
Mazda,23,31,31_23,萬事得,Mazda 6,Mazda 6 2.2D i-Plus,31_23,"365,000",,,,
Mazda,24,31,31_24,萬事得,Mazda 8,Mazda 8,31_24,"289,900",,,,
Mazda,25,31,31_25,萬事得,Mazda 8,Mazda 8 Deluxe,31_25,,,,,
Mazda,26,31,31_26,萬事得,Biante,Biante,31_26,"229,990",,,,
Mazda,27,31,31_27,萬事得,Biante,Biante Granz Plus,31_27,"234,990",,,,
Mazda,28,31,31_28,萬事得,CX-3,CX-3 2.0 Special,31_28,"239,900",,,,
Mazda,29,31,31_29,萬事得,CX-3,CX-3 2.0 i-Plus,31_29,"279,990",,,,
Mazda,30,31,31_30,萬事得,CX-5,CX-5 2.0,31_30,"269,990",,,,
Mazda,31,31,31_31,萬事得,CX-5,CX-5 2.5,31_31,"269,900",,,,
Mazda,32,31,31_32,萬事得,CX-5,CX-5 2.5 T-Grade,31_32,"279,900",,,,
Mazda,33,31,31_33,萬事得,CX-5,CX-5 2.5 R-Grade (2WD),31_33,"299,900",,,,
Mazda,34,31,31_34,萬事得,CX-5,CX-5 2.5 R-Grade (4WD),31_34,"309,990",,,,
Mazda,35,31,31_35,萬事得,CX-7,CX-7,31_35,,,,,
Mazda,36,31,31_36,萬事得,MX-5,MX-5 2.0 Convertible,31_36,"419,500",,,,
Mazda,37,31,31_37,萬事得,MX-5,MX-5 2.0 RF MT,31_37,"459,500",,,,
Mazda,38,31,31_38,萬事得,Premacy,Premacy 1.8,31_38,,,,,
Mazda,39,31,31_39,萬事得,Premacy,Premacy 2.0,31_39,,,,,
Mazda,40,31,31_40,萬事得,Mazda 323,Mazda 323,31_40,,,,,
Mazda,41,31,31_41,萬事得,RX8,RX8,31_41,,,,,
Mazda,42,31,31_42,萬事得,MPV,MPV,31_42,,,,,
Mazda,43,31,31_43,萬事得,Demio,Demio,31_43,,,,,
Mazda,44,31,31_44,萬事得,Mazda 3,Mazda 3 2.0 High Hatch,31_44,"229,990",,,,
Mazda,45,31,31_45,萬事得,CX-5,CX-5 2.0 i-Plus,31_45,"295,000",,,,
Mazda,46,31,31_46,萬事得,CX-9,CX-9,31_46,"569,990",,,,
Mazda,47,31,31_47,萬事得,MX-5,MX-5 2.0 RF AT,31_47,"519,990",,,,
Mercedes-Benz,1,33,33_1,平治,A Class,A150 Avantgarde,33_1, ,,,,
Mercedes-Benz,2,33,33_2,平治,A Class,A170,33_2, ,,,,
Mercedes-Benz,3,33,33_3,平治,A Class,A180,33_3,"279,000",,,,
Mercedes-Benz,4,33,33_4,平治,A Class,A200,33_4,"349,000",,,,
Mercedes-Benz,5,33,33_5,平治,A Class,A200 AMG,33_5, ,,,,
Mercedes-Benz,6,33,33_6,平治,A Class,A250 Sport,33_6,"419,000",,,,
Mercedes-Benz,7,33,33_7,平治,A Class,A250 AMG,33_7, ,,,,
Mercedes-Benz,8,33,33_8,平治,A Class,A45 AMG,33_8,"748,000",,,,
Mercedes-Benz,9,33,33_9,平治,B Class,B180,33_9,"279,000",,,,
Mercedes-Benz,10,33,33_10,平治,B Class,B200,33_10,"329,000",,,,
Mercedes-Benz,11,33,33_11,平治,B Class,B200 Blueefficiency,33_11, ,,,,
Mercedes-Benz,12,33,33_12,平治,B Class,B250,33_12,"399,000",,,,
Mercedes-Benz,13,33,33_13,平治,C Class,C180,33_13, ,,,,
Mercedes-Benz,14,33,33_14,平治,C Class,C200 Saloon,33_14,"449,000",,,,
Mercedes-Benz,15,33,33_15,平治,C Class,C200 Avantgarde,33_15, ,,,,
Mercedes-Benz,16,33,33_16,平治,C Class,C200 Kompressor,33_16, ,,,,
Mercedes-Benz,17,33,33_17,平治,C Class,C200 CGI Blueefficiency,33_17, ,,,,
Mercedes-Benz,18,33,33_18,平治,C Class,C200 AMG,33_18, ,,,,
Mercedes-Benz,19,33,33_19,平治,C Class,C220,33_19,"469,000",,,,
Mercedes-Benz,20,33,33_20,平治,C Class,C230,33_20, ,,,,
Mercedes-Benz,21,33,33_21,平治,C Class,C230 Avantgarde,33_21, ,,,,
Mercedes-Benz,22,33,33_22,平治,C Class,C230 AMG,33_22, ,,,,
Mercedes-Benz,23,33,33_23,平治,C Class,C250,33_23,"518,000",,,,
Mercedes-Benz,24,33,33_24,平治,C Class,C250 AMG,33_24, ,,,,
Mercedes-Benz,25,33,33_25,平治,C Class,C300 AMG,33_25,"609,000",,,,
Mercedes-Benz,26,33,33_26,平治,C Class,C43 4Matic AMG,33_26,"829,000",,,,
Mercedes-Benz,27,33,33_27,平治,C Class,C63 AMG,33_27,"1,198,000",,,,
Mercedes-Benz,28,33,33_28,平治,C Class,C63S AMG,33_28,"1,398,000",,,,
Mercedes-Benz,29,33,33_29,平治,C Class,C200 Estate,33_29,"469,000",,,,
Mercedes-Benz,30,33,33_30,平治,C Class,C200 Estate AMG,33_30, ,,,,
Mercedes-Benz,31,33,33_31,平治,C Class,C250 Estate,33_31,"558,000",,,,
Mercedes-Benz,32,33,33_32,平治,C Class,C250 Estate AMG,33_32, ,,,,
Mercedes-Benz,33,33,33_33,平治,C Class,C43 4Matic AMG Estate,33_33,"849,000",,,,
Mercedes-Benz,34,33,33_34,平治,C Class,C63 AMG Estate,33_34,"1,298,000",,,,
Mercedes-Benz,35,33,33_35,平治,C Class,C63S AMG Estate,33_35,"1,418,000",,,,
Mercedes-Benz,36,33,33_36,平治,C Class,C200 Coupe,33_36,"489,000",,,,
Mercedes-Benz,37,33,33_37,平治,C Class,C250 Coupe,33_37,"548,000",,,,
Mercedes-Benz,38,33,33_38,平治,C Class,C280 Avantgarde,33_38, ,,,,
Mercedes-Benz,39,33,33_39,平治,C Class,C300 AMG Coupe,33_39,"649,000",,,,
Mercedes-Benz,40,33,33_40,平治,C Class,C350 e (PLUG-IN HYBRID),33_40,"649,000",,,,
Mercedes-Benz,41,33,33_41,平治,C Class,C43 4Matic AMG Coupe,33_41,"889,000",,,,
Mercedes-Benz,42,33,33_42,平治,C Class,C63 AMG Coupe,33_42,"1,198,000",,,,
Mercedes-Benz,43,33,33_43,平治,C Class,C63S AMG Coupe,33_43,"1,498,000",,,,
Mercedes-Benz,44,33,33_44,平治,C Class,C200 Cabriolet,33_44,"549,000",,,,
Mercedes-Benz,45,33,33_45,平治,C Class,C300 Cabriolet,33_45,"709,000",,,,
Mercedes-Benz,46,33,33_46,平治,C Class,C43 4Matic Cabriolet,33_46,"959,000",,,,
Mercedes-Benz,47,33,33_47,平治,C Class,C63 AMG Cabriolet,33_47,"1,385,000",,,,
Mercedes-Benz,48,33,33_48,平治,C Class,C63S AMG Cabriolet,33_48,"1,585,000",,,,
Mercedes-Benz,49,33,33_49,平治,E Class,E55 AMG,33_49, ,,,,
Mercedes-Benz,50,33,33_50,平治,E Class,E63 AMG,33_50, ,,,,
Mercedes-Benz,51,33,33_51,平治,E Class,E200 Avantgarde Saloon,33_51,"564,000",,,,
Mercedes-Benz,52,33,33_52,平治,E Class,E200 Avantgarde Kompressor,33_52, ,,,,
Mercedes-Benz,53,33,33_53,平治,E Class,E200 Exclusive Saloon,33_53,"619,000",,,,
Mercedes-Benz,54,33,33_54,平治,E Class,E200 Estate,33_54,"599,000",,,,
Mercedes-Benz,55,33,33_55,平治,E Class,E250 Avantgarde,33_55,"715,000",,,,
Mercedes-Benz,56,33,33_56,平治,E Class,E250 Estate,33_56,"669,000",,,,
Mercedes-Benz,57,33,33_57,平治,E Class,E43 4Mactic Estate,33_57,"1,088,000",,,,
Mercedes-Benz,58,33,33_58,平治,E Class,E280 Avantgarde,33_58, ,,,,
Mercedes-Benz,59,33,33_59,平治,E Class,E300 Avantgarde,33_59,"715,000",,,,
Mercedes-Benz,60,33,33_60,平治,E Class,E300 Exclusive Saloon,33_60,"795,000",,,,
Mercedes-Benz,61,33,33_61,平治,E Class,E350 Avantgarde Saloon,33_61,"715,000",,,,
Mercedes-Benz,62,33,33_62,平治,E Class,E350 Avantgarde AMG,33_62, ,,,,
Mercedes-Benz,63,33,33_63,平治,E Class,E350 e (PLUG-IN HYBRID) Saloon,33_63,"778,000",,,,
Mercedes-Benz,64,33,33_64,平治,E Class,E400 Exclusive Saloon,33_64,"949,000",,,,
Mercedes-Benz,65,33,33_65,平治,E Class,E43 4Matic AMG Saloon,33_65,"999,900",,,,
Mercedes-Benz,66,33,33_66,平治,E Class,E63S 4Matic AMG Saloon,33_66,"1,898,000",,,,
Mercedes-Benz,67,33,33_67,平治,E Class,E200 Coupe,33_67,"619,000",,,,
Mercedes-Benz,68,33,33_68,平治,E Class,E250 Coupe,33_68,"681,000",,,,
Mercedes-Benz,69,33,33_69,平治,E Class,E300 Coupe,33_69,"749,000",,,,
Mercedes-Benz,70,33,33_70,平治,E Class,E400 Coupe,33_70,"958,000",,,,
Mercedes-Benz,71,33,33_71,平治,E Class,E500 Coupe,33_71,"1,066,500",,,,
Mercedes-Benz,72,33,33_72,平治,E Class,E200 Cabriolet,33_72,"699,000",,,,
Mercedes-Benz,73,33,33_73,平治,E Class,E250 Cabriolet,33_73,"742,000",,,,
Mercedes-Benz,74,33,33_74,平治,E Class,E350 Cabriolet,33_74, ,,,,
Mercedes-Benz,75,33,33_75,平治,E Class,E400 Cabriolet,33_75,"963,000",,,,
Mercedes-Benz,76,33,33_76,平治,E Class,E500 Cabriolet,33_76,"1,116,500",,,,
Mercedes-Benz,77,33,33_77,平治,R Class,R300L,33_77, ,,,,
Mercedes-Benz,78,33,33_78,平治,R Class,R350,33_78, ,,,,
Mercedes-Benz,79,33,33_79,平治,R Class,R350L,33_79, ,,,,
Mercedes-Benz,80,33,33_80,平治,R Class,R500 AMG,33_80, ,,,,
Mercedes-Benz,81,33,33_81,平治,S Class,S320 Executive Saloon,33_81,"1,328,000",,,,
Mercedes-Benz,82,33,33_82,平治,S Class,S350L,33_82, ,,,,
Mercedes-Benz,83,33,33_83,平治,S Class,S400,33_83,"1,599,000",,,,
Mercedes-Benz,84,33,33_84,平治,S Class,S400h,33_84,"1,722,000",,,,
Mercedes-Benz,85,33,33_85,平治,S Class,S500 Saloon,33_85,"1,838,000",,,,
Mercedes-Benz,86,33,33_86,平治,S Class,S500 Cabriolet,33_86,"2,488,000",,,,
Mercedes-Benz,87,33,33_87,平治,S Class,S500 e,33_87,"1,799,000",,,,
Mercedes-Benz,88,33,33_88,平治,S Class,S500L,33_88, ,,,,
Mercedes-Benz,89,33,33_89,平治,S Class,S600,33_89,"2,995,500",,,,
Mercedes-Benz,90,33,33_90,平治,S Class,S63 AMG Saloon,33_90,"2,848,000",,,,
Mercedes-Benz,91,33,33_91,平治,S Class,S65 AMG Saloon,33_91,"3,998,000",,,,
Mercedes-Benz,92,33,33_92,平治,S Class,S500 Coupe,33_92,"2,188,000",,,,
Mercedes-Benz,93,33,33_93,平治,S Class,S63 AMG Coupe,33_93,"2,998,000",,,,
Mercedes-Benz,94,33,33_94,平治,S Class,S65 AMG Coupe,33_94,"4,298,000",,,,
Mercedes-Benz,95,33,33_95,平治,S Class,S63 Cabriolet AMG,33_95,"3,248,000",,,,
Mercedes-Benz,96,33,33_96,平治,S Class,S65 Cabriolet AMG,33_96,"4,498,000",,,,
Mercedes-Benz,97,33,33_97,平治,CLA,CLA200 Coupe,33_97,"399,900",,,,
Mercedes-Benz,98,33,33_98,平治,CLA,CLA250 Coupe,33_98,"469,000",,,,
Mercedes-Benz,99,33,33_99,平治,CLA,CLA45 AMG Coupe,33_99,"825,000",,,,
Mercedes-Benz,100,33,33_100,平治,CLA,CLA200 Shooting Brake,33_100,"415,000",,,,
Mercedes-Benz,101,33,33_101,平治,CLA,CLA250 Shooting Brake,33_101,"479,000",,,,
Mercedes-Benz,102,33,33_102,平治,CLA,CLA250 AMG,33_102, ,,,,
Mercedes-Benz,103,33,33_103,平治,CLA,CLA45 4Matic AMG Shooting Brake,33_103,"839,000",,,,
Mercedes-Benz,104,33,33_104,平治,CLK,CLK280 Avantgarde,33_104, ,,,,
Mercedes-Benz,105,33,33_105,平治,CLK,CLK320,33_105, ,,,,
Mercedes-Benz,106,33,33_106,平治,CLK,CLK320 AMG,33_106, ,,,,
Mercedes-Benz,107,33,33_107,平治,CLK,CLK350 Avantgarde,33_107, ,,,,
Mercedes-Benz,108,33,33_108,平治,CLK,CLK500,33_108, ,,,,
Mercedes-Benz,109,33,33_109,平治,CLS,CLS350,33_109, ,,,,
Mercedes-Benz,110,33,33_110,平治,CLS,CLS350 AMG,33_110, ,,,,
Mercedes-Benz,111,33,33_111,平治,CLS,CLS400,33_111,"849,000",,,,
Mercedes-Benz,112,33,33_112,平治,CLS,CLS500,33_112,"1,181,000",,,,
Mercedes-Benz,113,33,33_113,平治,CLS,CLS63 AMG,33_113,"1,769,000",,,,
Mercedes-Benz,114,33,33_114,平治,CLS,CLS63S AMG,33_114,"2,188,000",,,,
Mercedes-Benz,115,33,33_115,平治,G Class,G350 d,33_115,"1,087,000",,,,
Mercedes-Benz,116,33,33_116,平治,G Class,G500,33_116, ,,,,
Mercedes-Benz,117,33,33_117,平治,G Class,G63 AMG,33_117,"2,568,000",,,,
Mercedes-Benz,118,33,33_118,平治,GLA,GLA200 SUV,33_118,"389,000",,,,
Mercedes-Benz,119,33,33_119,平治,GLA,GLA250 SUV,33_119,"439,000",,,,
Mercedes-Benz,120,33,33_120,平治,GLA,GLA250 4Matic,33_120,"469,000",,,,
Mercedes-Benz,121,33,33_121,平治,GLA,GLA250 4Matic AMG,33_121,"509,000",,,,
Mercedes-Benz,122,33,33_122,平治,GLA,GLA45 4Matic AMG,33_122,"816,000",,,,
Mercedes-Benz,123,33,33_123,平治,GLC,GLC250,33_123,"509,000",,,,
Mercedes-Benz,124,33,33_124,平治,GLC,GLC250 Luxury,33_124,"559,000",,,,
Mercedes-Benz,125,33,33_125,平治,GLC,GLC300,33_125,"599,900",,,,
Mercedes-Benz,126,33,33_126,平治,GLC,GLC300 Coupe AMG,33_126,"688,000",,,,
Mercedes-Benz,127,33,33_127,平治,GLC,GLC43 4Matic AMG,33_127,"895,000",,,,
Mercedes-Benz,128,33,33_128,平治,GLC, GLC250 Coupe,33_128,"565,000",,,,
Mercedes-Benz,129,33,33_129,平治,GLC,GLC43 4Matic AMG Coupe,33_129,"895,000",,,,
Mercedes-Benz,130,33,33_130,平治,GLE,GLE400 Coupe,33_130,"922,000",,,,
Mercedes-Benz,131,33,33_131,平治,GLE,GLE43 AMG Coupe,33_131,"1,099,000",,,,
Mercedes-Benz,132,33,33_132,平治,GLE,GLE63 AMG Coupe,33_132,"1,699,000",,,,
Mercedes-Benz,133,33,33_133,平治,GLE,GLE320 SUV,33_133,"699,900",,,,
Mercedes-Benz,134,33,33_134,平治,GLE,GLE400 SUV,33_134,"815,800",,,,
Mercedes-Benz,135,33,33_135,平治,GLE,GLE500 SUV,33_135,"1,149,000",,,,
Mercedes-Benz,136,33,33_136,平治,GLE,GLE500 e,33_136,"1,099,000",,,,
Mercedes-Benz,137,33,33_137,平治,GLE,GLE63 AMG SUV,33_137,"1,609,000",,,,
Mercedes-Benz,138,33,33_138,平治,GLE,GLE43 AMG SUV,33_138,"968,000",,,,
Mercedes-Benz,139,33,33_139,平治,GLS,GLS400,33_139,"1,138,000",,,,
Mercedes-Benz,140,33,33_140,平治,GLS,GLS500,33_140,"1,488,000",,,,
Mercedes-Benz,141,33,33_141,平治,GLS,GLS63 AMG,33_141,"2,005,000",,,,
Mercedes-Benz,142,33,33_142,平治,V Class,V250d,33_142,"799,000",,,,
Mercedes-Benz,143,33,33_143,平治,V Class,V250d AMG,33_143,"833,000",,,,
Mercedes-Benz,144,33,33_144,平治,SL,SL400,33_144,"1,802,000",,,,
Mercedes-Benz,145,33,33_145,平治,SL,SL500,33_145,"2,073,000",,,,
Mercedes-Benz,146,33,33_146,平治,SL,SL500 AMG,33_146, ,,,,
Mercedes-Benz,147,33,33_147,平治,SL,SL63 AMG,33_147,"2,414,000",,,,
Mercedes-Benz,148,33,33_148,平治,SL,SL65 AMG,33_148,"4,003,000",,,,
Mercedes-Benz,149,33,33_149,平治,SLC,SLC200,33_149,"559,000",,,,
Mercedes-Benz,150,33,33_150,平治,SLC,SLC300,33_150,"688,000",,,,
Mercedes-Benz,151,33,33_151,平治,SLC,SLC43 AMG,33_151,"799,000",,,,
Mercedes-Benz,152,33,33_152,平治,SLK,SLK200,33_152, ,,,,
Mercedes-Benz,153,33,33_153,平治,SLK,SLK200 Kompressor,33_153, ,,,,
Mercedes-Benz,154,33,33_154,平治,SLK,SLK250,33_154, ,,,,
Mercedes-Benz,155,33,33_155,平治,SLK,SLK280,33_155, ,,,,
Mercedes-Benz,156,33,33_156,平治,SLK,SLK280 AMG,33_156, ,,,,
Mercedes-Benz,157,33,33_157,平治,SLK,SLK320,33_157, ,,,,
Mercedes-Benz,158,33,33_158,平治,SLK,SLK350,33_158, ,,,,
Mercedes-Benz,159,33,33_159,平治,SLK,SLK350 AMG,33_159, ,,,,
Mercedes-Benz,160,33,33_160,平治,SLS,SLS AMG,33_160, ,,,,
Mercedes-Benz,161,33,33_161,平治,AMG GT,AMG GT,33_161,"1,998,000",,,,
Mercedes-Benz,162,33,33_162,平治,AMG GT,AMG GT S,33_162,"2,998,000",,,,
Mercedes-Benz,163,33,33_163,平治,Maybach S Class,Maybach S500,33_163,"2,368,000",,,,
Mercedes-Benz,164,33,33_164,平治,Maybach S Class,Maybach S600,33_164,"3,398,000",,,,
Mercedes-Benz,165,33,33_165,平治,M Class,ML250,33_165,"695,000",,,,
Mercedes-Benz,166,33,33_166,平治,M Class,ML350,33_166,"707,500",,,,
Mercedes-Benz,167,33,33_167,平治,M Class,ML350 AMG,33_167, ,,,,
Mercedes-Benz,168,33,33_168,平治,M Class,ML400,33_168,"799,000",,,,
Mercedes-Benz,169,33,33_169,平治,M Class,ML500,33_169,"1,092,000",,,,
Mercedes-Benz,170,33,33_170,平治,M Class,ML63 AMG,33_170,"1,539,500",,,,
Mercedes-Benz,171,33,33_171,平治,E Class,E250 Saloon,33_171,"628,000",,,,
Mercedes-Benz,172,33,33_172,平治,E Class,E300 Cabriolet,33_172,"799,900",,,,
Mercedes-Benz,173,33,33_173,平治,Maybach S Class,Maybach S560,33_173,"2,298,000",,,,
Mercedes-Benz,174,33,33_174,平治,Maybach S Class,Maybach S650,33_174,"3,498,000",,,,
Mercedes-Benz,175,33,33_175,平治,V Class,"V260 Avantgarde Long, 7-seater",33_175,"649,000",,,,
Mercedes-Benz,176,33,33_176,平治,V Class,"V260 Avantgarde Extra Long, 7-seater",33_176,"649,000",,,,
Mercedes-Benz,177,33,33_177,平治,V Class,"V260 Exclusive Long, 7-seater",33_177,"779,000",,,,
Mercedes-Benz,178,33,33_178,平治,V Class,"V260 Exclusive Extra Long, 7-seater        ",33_178,"779,000",,,,
Mercedes-Benz,179,33,33_179,平治,V Class,"V260 AMG Exclusive Long, 7-seater        ",33_179,"813,000",,,,
Mercedes-Benz,180,33,33_180,平治,V Class,"V260 AMG Exclusive Extra Long, 7-seater        ",33_180,"813,000",,,,
Mercedes-Benz,181,33,33_181,平治,AMG GT,AMG GT R,33_181,"2,888,000",,,,
Mercedes-Benz,182,33,33_182,平治,AMG GT,AMG GT C,33_182,"2,688,000",,,,
Mercedes-Benz,183,33,33_183,平治,SMART,fortwo coup? 52kW,33_183,"128,000",,,,
Mercedes-Benz,184,33,33_184,平治,SMART,fortwo cabrio 52kW,33_184,"219,000",,,,
Mercedes-Benz,185,33,33_185,平治,SMART,forfour 66kW,33_185,"168,000",,,,
Mercedes-Benz,186,33,33_186,平治,SMART,fortwo coup? 80kW BRABUS,33_186,"288,000",,,,
Mercedes-Benz,187,33,33_187,平治,SMART,fortwo cabrio 80kW BRABUS,33_187,"321,000",,,,
Mercedes-Benz,188,33,33_188,平治,SMART,forfour 80kW BRABUS,33_188,"288,000",,,,
Mercedes-Benz,189,33,33_189,平治,GLC,GLC63 4Matic+ AMG Coupe,33_189,"1,518,000",,,,
Mini,1,34,34_1,迷你,Mini,MINI Cooper One,34_1,"248,800",,,,
Mini,2,34,34_2,迷你,Mini,MINI Cooper,34_2,"289,800",,,,
Mini,3,34,34_3,迷你,Mini,MINI Cooper Clubman,34_3,"329,800",,,,
Mini,4,34,34_4,迷你,Mini,MINI Cooper S Clubman ,34_4,"409,800",,,,
Mini,5,34,34_5,迷你,Mini,MINI Cooper Coupe,34_5,,,,,
Mini,6,34,34_6,迷你,Mini,MINI Cooper S Coupe,34_6,"359,800",,,,
Mini,7,34,34_7,迷你,Mini,MINI Cooper Camden,34_7,,,,,
Mini,8,34,34_8,迷你,Mini,MINI Cooper S Checkmate,34_8,,,,,
Mini,9,34,34_9,迷你,Mini,MINI Cooper JCW,34_9,,,,,
Mini,10,34,34_10,迷你,Mini,MINI Cooper S Soda,34_10,,,,,
Mini,11,34,34_11,迷你,Mini,Mini Cooper One F56,34_11,"279,800",,,,
Mini,12,34,34_12,迷你,Mini,MINI Cooper F56,34_12,"273,800",,,,
Mini,13,34,34_13,迷你,Mini,MINI Cooper R50,34_13,,,,,
Mini,14,34,34_14,迷你,Mini,MINI Cooper R53,34_14,,,,,
Mini,15,34,34_15,迷你,Mini,MINI Cooper R56,34_15,,,,,
Mini,16,34,34_16,迷你,Mini,MINI Cooper S,34_16,"359,800",,,,
Mini,17,34,34_17,迷你,Mini,MINI Cooper S Diesel,34_17,"409,800",,,,
Mini,18,34,34_18,迷你,Mini,MINI Cooper S Roadster,34_18,,,,,
Mini,19,34,34_19,迷你,Mini,MINI Cooper Convertible,34_19,"419,800",,,,
Mini,20,34,34_20,迷你,Mini,MINI Cooper S Convertible,34_20,"469,800",,,,
Mini,21,34,34_21,迷你,Mini,MINI Cooper Convertible Sidewalk,34_21,,,,,
Mini,22,34,34_22,迷你,Mini,MINI Cooper One Countryman,34_22,"269,800",,,,
Mini,23,34,34_23,迷你,Mini,MINI Cooper Countryman,34_23,"329,800",,,,
Mini,24,34,34_24,迷你,Mini,MINI Cooper S Countryman,34_24,"399,800",,,,
Mini,25,34,34_25,迷你,Mini,MINI Cooper S Countryman ALL4,34_25,"469,800",,,,
Mini,26,34,34_26,迷你,Mini,MINI Cooper Paceman,34_26,"316,800",,,,
Mini,27,34,34_27,迷你,Mini,MINI Cooper S Paceman,34_27,"437,800",,,,
Mini,28,34,34_28,迷你,Mini,MINI Cooper S Paceman ALL4,34_28,"475,800",,,,
Mini,29,34,34_29,迷你,Mini,MINI JCW,34_29,"439,800",,,,
Mini,30,34,34_30,迷你,Mini,MINI Cooper JCW Convertible,34_30,"549,800",,,,
Mini,31,34,34_31,迷你,Mini,MINI Cooper JCW Coupe,34_31,"469,800",,,,
Mini,32,34,34_32,迷你,Mini,MINI Cooper JCW Countryman,34_32,"539,800",,,,
Mini,33,34,34_33,迷你,Mini,MINI Cooper JCW Paceman,34_33,"557,800",,,,
Mitsubishi,1,35,35_1,三菱,Lancer,Lancer,35_1,,,,,
Mitsubishi,2,35,35_2,三菱,Lancer,Lancer Evolution VII,35_2,,,,,
Mitsubishi,3,35,35_3,三菱,Lancer,Lancer Evolution VIII,35_3,,,,,
Mitsubishi,4,35,35_4,三菱,Lancer,Lancer Evolution IX,35_4,,,,,
Mitsubishi,5,35,35_5,三菱,Lancer,Lancer Evolution X,35_5,,,,,
Mitsubishi,6,35,35_6,三菱,Lancer,Lancer Touring Wagon,35_6,,,,,
Mitsubishi,7,35,35_7,三菱,Lancer,Lancer GT,35_7,,,,,
Mitsubishi,8,35,35_8,三菱,Lancer,Lancer Ralliart,35_8,,,,,
Mitsubishi,9,35,35_9,三菱,ASX,ASX,35_9,,,,,
Mitsubishi,10,35,35_10,三菱,Outlander,Outlander,35_10,"228,800",,,,
Mitsubishi,11,35,35_11,三菱,Delica,Delica,35_11,"308,800",,,,
Mitsubishi,12,35,35_12,三菱,Pajero,Pajero GR 3.0L,35_12,"488,800",,,,
Mitsubishi,13,35,35_13,三菱,Pajero,Pajero V93,35_13,,,,,
Mitsubishi,14,35,35_14,三菱,Pajero,Pajero V93W,35_14,,,,,
Mitsubishi,15,35,35_15,三菱,Pajero Diesel,Pajero 3.2L DI-DC M-Line,35_15,,,,,
Mitsubishi,16,35,35_16,三菱,Pajero Diesel,Pajero 3.2L DI-DC H-Line,35_16,"478,800",,,,
Mitsubishi,17,35,35_17,三菱,L200,L200,35_17,"278,800",,,,
Mitsubishi,18,35,35_18,三菱,Minicab-MiEV,Minicab-MiEV,35_18,,,,,
Mitsubishi,19,35,35_19,三菱,Grandis,Grandis,35_19,,,,,
Mitsubishi,20,35,35_20,三菱,Colt,Colt,35_20,,,,,
Mitsubishi,21,35,35_21,三菱,Colt,Colt Ralliart,35_21,,,,,
Mitsubishi,22,35,35_22,三菱,Airtrek,Airtrek,35_22,,,,,
Mitsubishi,23,35,35_23,三菱,Airtrek,Airtrek Turbo,35_23,,,,,
Mitsubishi,24,35,35_24,三菱,Dion,Dion,35_24,,,,,
Mitsubishi,25,35,35_25,三菱,Galant,Galant VRM,35_25,,,,,
Mitsubishi,26,35,35_26,三菱,i Miev,i Miev,35_26,,,,,
Mitsubishi,27,35,35_27,三菱,Iturbo,Iturbo,35_27,,,,,
Nissan,1,36,36_1,日產,Elgrand,Elgrand 250 AVM,36_1,"456,800",,,,
Nissan,2,36,36_2,日產,Elgrand,Elgrand 250 Dynamic,36_2,"472,400",,,,
Nissan,3,36,36_3,日產,Elgrand,Elgrand 350 AVM,36_3,"589,800",,,,
Nissan,4,36,36_4,日產,Elgrand,Elgrand 350 Dynamic,36_4,"648,800",,,,
Nissan,5,36,36_5,日產,Elgrand,Elgrand 2.5 Highway Star,36_5,"476,800",,,,
Nissan,6,36,36_6,日產,Elgrand,Elgrand 3.5 Highway Star,36_6,"609,800",,,,
Nissan,7,36,36_7,日產,Elgrand,Elgrand 3.5L,36_7,,,,,
Nissan,8,36,36_8,日產,Elgrand,Elgrand 3.5L Premium,36_8,,,,,
Nissan,9,36,36_9,日產,Elgrand,Elgrand Rider,36_9,,,,,
Nissan,10,36,36_10,日產,Serena,Serena Highway Star VIP,36_10,"338,800",,,,
Nissan,11,36,36_11,日產,Serena,Serena Highway Star,36_11,"319,800",,,,
Nissan,12,36,36_12,日產,Serena,Serena Rider S,36_12,,,,,
Nissan,13,36,36_13,日產,Serena,Serena 2.0,36_13,"287,800",,,,
Nissan,14,36,36_14,日產,370Z,370Z,36_14,"629,800",,,,
Nissan,15,36,36_15,日產,370Z,370Z Roadster,36_15,"729,900",,,,
Nissan,16,36,36_16,日產,NOTE,NOTE DIGS,36_16,"179,650",,,,
Nissan,17,36,36_17,日產,NOTE,NOTE Rider,36_17,,,,,
Nissan,18,36,36_18,日產,NOTE,NOTE,36_18,"183,800",,,,
Nissan,19,36,36_19,日產,Teana,Teana,36_19,"286,800",,,,
Nissan,20,36,36_20,日產,JUKE,JUKE,36_20,"244,800",,,,
Nissan,21,36,36_21,日產,JUKE,JUKE Turbo,36_21,"249,800",,,,
Nissan,22,36,36_22,日產,QASHQAI,QASHQAI,36_22,"244,800",,,,
Nissan,23,36,36_23,日產,QASHQAI,QASHQAI Plus,36_23,"279,000",,,,
Nissan,24,36,36_24,日產,QASHQAI,QASHQAI Plus 2,36_24,,,,,
Nissan,25,36,36_25,日產,Xtrail,Xtrail,36_25,"313,900",,,,
Nissan,26,36,36_26,日產,GTR,GTR,36_26,"1,732,200",,,,
Nissan,27,36,36_27,日產,GTR,GTR R35,36_27,,,,,
Nissan,28,36,36_28,日產,GTR,GTR R35 Black Edition,36_28,,,,,
Nissan,29,36,36_29,日產,GTR,GTR R35 Premium,36_29,"2,338,800",,,,
Nissan,30,36,36_30,日產,NV200,NV200,36_30,"259,800",,,,
Nissan,31,36,36_31,日產,NV350,NV350,36_31,"240,800",,,,
Nissan,32,36,36_32,日產,NV350,NV350 Luxury,36_32,"294,800",,,,
Nissan,33,36,36_33,日產,Cefiro,Cefiro 230JM,36_33,,,,,
Nissan,34,36,36_34,日產,Cube,Cube,36_34,,,,,
Nissan,35,36,36_35,日產,Cube,Cube 3,36_35,,,,,
Nissan,36,36,36_36,日產,Cube,Cube RX,36_36,,,,,
Nissan,37,36,36_37,日產,Cube,Cube Rider,36_37,,,,,
Nissan,38,36,36_38,日產,Cube,Cube Z12,36_38,,,,,
Nissan,39,36,36_39,日產,Skyline,Skyline 250GT,36_39,,,,,
Nissan,40,36,36_40,日產,Skyline,Skyline 350GT,36_40,,,,,
Nissan,41,36,36_41,日產,March,March,36_41,,,,,
Nissan,42,36,36_42,日產,March,March K13,36_42,,,,,
Nissan,43,36,36_43,日產,Lafesta,Lafesta,36_43,,,,,
Nissan,44,36,36_44,日產,Lafesta,Lafesta 20S,36_44,,,,,
Nissan,45,36,36_45,日產,Presage,Presage,36_45,,,,,
Nissan,46,36,36_46,日產,Presage,Presage Highway Star,36_46,,,,,
Nissan,47,36,36_47,日產,Presage,Presage 2.5 MPV LUX,36_47,,,,,
Nissan,48,36,36_48,日產,Prairie,Prairie 2.0,36_48,,,,,
Nissan,49,36,36_49,日產,Fairlady,Fairlady Z33 350Z,36_49,,,,,
Nissan,50,36,36_50,日產,Sunny,Sunny,36_50,,,,,
Nissan,51,36,36_51,日產,Leaf,Leaf,36_51,,,,,
Nissan,52,36,36_52,日產,TIIDA,TIIDA Hatchback,36_52,,,,,
Nissan,53,36,36_53,日產,Murano,Murano,36_53,,,,,
Peugeot,1,38,38_1,標緻,107,107,38_1,,,,,
Peugeot,2,38,38_2,標緻,206,206,38_2,,,,,
Peugeot,3,38,38_3,標緻,206,206 CC,38_3,,,,,
Peugeot,4,38,38_4,標緻,206,206 GTI,38_4,,,,,
Peugeot,5,38,38_5,標緻,206,206 XT,38_5,,,,,
Peugeot,6,38,38_6,標緻,206,206 XT Premium,38_6,,,,,
Peugeot,7,38,38_7,標緻,207,207,38_7,,,,,
Peugeot,8,38,38_8,標緻,207,207 CC,38_8,,,,,
Peugeot,9,38,38_9,標緻,207,207 GT,38_9,,,,,
Peugeot,10,38,38_10,標緻,207,207 Sport,38_10,,,,,
Peugeot,11,38,38_11,標緻,208,208 GTI,38_11,,,,,
Peugeot,12,38,38_12,標緻,208,208 GTI Deluxe,38_12,,,,,
Peugeot,13,38,38_13,標緻,306,306 CAB,38_13,,,,,
Peugeot,14,38,38_14,標緻,307,307,38_14,,,,,
Peugeot,15,38,38_15,標緻,307,307 CC / 307 CAB,38_15,,,,,
Peugeot,16,38,38_16,標緻,307,307 SW,38_16,,,,,
Peugeot,17,38,38_17,標緻,307,307 XS Premium,38_17,,,,,
Peugeot,18,38,38_18,標緻,308,308,38_18,"239,800",,,,
Peugeot,19,38,38_19,標緻,308,308 CC,38_19,,,,,
Peugeot,20,38,38_20,標緻,308,308 SW,38_20,"259,800",,,,
Peugeot,21,38,38_21,標緻,308,308 SW Turbo,38_21,,,,,
Peugeot,22,38,38_22,標緻,308,308 Turbo,38_22,,,,,
Peugeot,23,38,38_23,標緻,308,308 Premium,38_23,,,,,
Peugeot,24,38,38_24,標緻,407,407,38_24,,,,,
Peugeot,25,38,38_25,標緻,407,407 Wagon,38_25,,,,,
Peugeot,26,38,38_26,標緻,807,807,38_26,,,,,
Peugeot,27,38,38_27,標緻,1007,1007,38_27,,,,,
Peugeot,28,38,38_28,標緻,3008,3008,38_28,"338,800",,,,
Peugeot,29,38,38_29,標緻,5008,5008,38_29,"368,800",,,,
Peugeot,30,38,38_30,標緻,5008,5008 Premium,38_30,,,,,
Peugeot,31,38,38_31,標緻,Expert,Expert Van,38_31,"308,800",,,,
Peugeot,32,38,38_32,標緻,Expert,Expert Deluxe,38_32,"278,800",,,,
Peugeot,33,38,38_33,標緻,RCZ,RCZ,38_33,,,,,
Porsche,1,39,39_1,保時捷,718,718 Cayman,39_1,"918,000",,,,
Porsche,2,39,39_2,保時捷,718,718 Cayman S,39_2,"1,108,000",,,,
Porsche,3,39,39_3,保時捷,718,718 Cayman S PDK,39_3,,,,,
Porsche,4,39,39_4,保時捷,718,718 Cayman GTS,39_4,"1,308,000",,,,
Porsche,5,39,39_5,保時捷,718,718 Cayman PDK,39_5,,,,,
Porsche,6,39,39_6,保時捷,718,718 Boxster,39_6,"958,000",,,,
Porsche,7,39,39_7,保時捷,718,718 Boxster S,39_7,"1,148,000",,,,
Porsche,8,39,39_8,保時捷,718,718 Boxster S PDK,39_8,,,,,
Porsche,9,39,39_9,保時捷,718,718 Boxster 981,39_9,,,,,
Porsche,10,39,39_10,保時捷,911,911 Carrera,39_10,"1,994,000",,,,
Porsche,11,39,39_11,保時捷,911,911 Carrera S,39_11,"2,244,000",,,,
Porsche,12,39,39_12,保時捷,911,911 Carrera Cabriolet,39_12,"2,150,000",,,,
Porsche,13,39,39_13,保時捷,911,911 Carrera S Cabriolet,39_13,"2,405,000",,,,
Porsche,14,39,39_14,保時捷,911,911 Carrera 4,39_14,"2,099,000",,,,
Porsche,15,39,39_15,保時捷,911,911 Carrera 4S,39_15,"2,354,000",,,,
Porsche,16,39,39_16,保時捷,911,911 Carrera C2S,39_16,,,,,
Porsche,17,39,39_17,保時捷,911,911 Carrera C4,39_17,,,,,
Porsche,18,39,39_18,保時捷,911,911 Carrera Coupe,39_18,"1,924,000",,,,
Porsche,19,39,39_19,保時捷,911,911 C4 Coupe,39_19,,,,,
Porsche,20,39,39_20,保時捷,911,911 Carrera 4 Cabriolet,39_20,"2,325,000",,,,
Porsche,21,39,39_21,保時捷,911,911 Carrera 4S Cabriolet,39_21,"2,580,000",,,,
Porsche,22,39,39_22,保時捷,911,911 Targa 4,39_22,"2,325,000",,,,
Porsche,23,39,39_23,保時捷,911,911 Targa 4S,39_23,"2,580,000",,,,
Porsche,24,39,39_24,保時捷,911,911 Carrera Black Edition,39_24,"1,845,000",,,,
Porsche,25,39,39_25,保時捷,911,911 Carrera Cabriolet Black Edition,39_25,"2,028,000",,,,
Porsche,26,39,39_26,保時捷,911,911 Carrera 4 Black Edition,39_26,"1,999,000",,,,
Porsche,27,39,39_27,保時捷,911,911 Carrera 4 Cabriolet Black Edition,39_27,"2,185,000",,,,
Porsche,28,39,39_28,保時捷,911,911 Carrera GTS,39_28,"2,439,000",,,,
Porsche,29,39,39_29,保時捷,911,911 Carrera GTS Cabriolet,39_29,"2,665,000",,,,
Porsche,30,39,39_30,保時捷,911,911 Carrera 4 GTS,39_30,"2,614,000",,,,
Porsche,31,39,39_31,保時捷,911,911 Carrera 4 GTS Cabriolet,39_31,"2,840,000",,,,
Porsche,32,39,39_32,保時捷,911,911 Targa 4 GTS,39_32,"2,840,000",,,,
Porsche,33,39,39_33,保時捷,911,911 Turbo,39_33,"3,318,000",,,,
Porsche,34,39,39_34,保時捷,911,911 Turbo S,39_34,"3,872,000",,,,
Porsche,35,39,39_35,保時捷,911,911 Turbo Cabriolet,39_35,"3,544,000",,,,
Porsche,36,39,39_36,保時捷,911,911 Turbo S Cabriolet,39_36,"4,098,000",,,,
Porsche,37,39,39_37,保時捷,911,911 R,39_37,"3,240,000",,,,
Porsche,38,39,39_38,保時捷,911,911 GT3,39_38,"2,754,000",,,,
Porsche,39,39,39_39,保時捷,911,911 GT3 RS,39_39,"3,338,000",,,,
Porsche,40,39,39_40,保時捷,918 Spyder,918 Spyder,39_40,,,,,
Porsche,41,39,39_41,保時捷,918 Spyder,918 Spyder Weissach package,39_41,,,,,
Porsche,42,39,39_42,保時捷,996,996 C2,39_42,,,,,
Porsche,43,39,39_43,保時捷,996,996 C2 CAB,39_43,,,,,
Porsche,44,39,39_44,保時捷,996,996 C4,39_44,,,,,
Porsche,45,39,39_45,保時捷,996,996 C4S,39_45,,,,,
Porsche,46,39,39_46,保時捷,996,996 C4S CAB,39_46,,,,,
Porsche,47,39,39_47,保時捷,996,996 Carrera 4,39_47,,,,,
Porsche,48,39,39_48,保時捷,996,996 Carrera 4 C4 CAB,39_48,,,,,
Porsche,49,39,39_49,保時捷,996,996 Targa,39_49,,,,,
Porsche,50,39,39_50,保時捷,996,911 996 Turbo,39_50,,,,,
Porsche,51,39,39_51,保時捷,997,997 C2,39_51,,,,,
Porsche,52,39,39_52,保時捷,997,997 C2S,39_52,,,,,
Porsche,53,39,39_53,保時捷,997,997 C2S CAB,39_53,,,,,
Porsche,54,39,39_54,保時捷,997,997 C4,39_54,,,,,
Porsche,55,39,39_55,保時捷,997,997 C4S,39_55,,,,,
Porsche,56,39,39_56,保時捷,997,997 C4S CAB,39_56,,,,,
Porsche,57,39,39_57,保時捷,997,997 Carrera,39_57,,,,,
Porsche,58,39,39_58,保時捷,997,997 Carrera 4,39_58,,,,,
Porsche,59,39,39_59,保時捷,997,997 Turbo,39_59,,,,,
Porsche,60,39,39_60,保時捷,997,911 997 GT3,39_60,,,,,
Porsche,61,39,39_61,保時捷,997,997 GT3 RS,39_61,,,,,
Porsche,62,39,39_62,保時捷,Panamera,Panamera,39_62,"1,494,000",,,,
Porsche,63,39,39_63,保時捷,Panamera,Panamera 4,39_63,"1,570,000",,,,
Porsche,64,39,39_64,保時捷,Panamera,Panamera 4 Executive,39_64,"1,683,000",,,,
Porsche,65,39,39_65,保時捷,Panamera,Panamera 4 Sport Turismo,39_65,"1,620,000",,,,
Porsche,66,39,39_66,保時捷,Panamera,Panamera 3.6,39_66,,,,,
Porsche,67,39,39_67,保時捷,Panamera,Panamera 4S,39_67,"1,929,000",,,,
Porsche,68,39,39_68,保時捷,Panamera,Panamera 4S Executive,39_68,"2,108,000",,,,
Porsche,69,39,39_69,保時捷,Panamera,Panamera 4S Sport Turismo,39_69,"1,979,000",,,,
Porsche,70,39,39_70,保時捷,Panamera,Panamera 4 E-Hybrid,39_70,"1,826,000",,,,
Porsche,71,39,39_71,保時捷,Panamera,Panamera 4 E-Hybrid Executive,39_71,"1,938,000",,,,
Porsche,72,39,39_72,保時捷,Panamera,Panamera 4 E-Hybrid Sport Turismo,39_72,"1,876,000",,,,
Porsche,73,39,39_73,保時捷,Panamera,Panamera S,39_73,,,,,
Porsche,74,39,39_74,保時捷,Panamera,Panamera S Hybrid,39_74,,,,,
Porsche,75,39,39_75,保時捷,Panamera,Panamera GTS,39_75,"2,236,000",,,,
Porsche,76,39,39_76,保時捷,Panamera,Panamera Turbo,39_76,"2,783,000",,,,
Porsche,77,39,39_77,保時捷,Panamera,Panamera Turbo Executive,39_77,"2,997,000",,,,
Porsche,78,39,39_78,保時捷,Panamera,Panamera Turbo Sport Turismo,39_78,"2,833,000",,,,
Porsche,79,39,39_79,保時捷,Panamera,Panamera Turbo S E-Hybrid,39_79,"3,353,000",,,,
Porsche,80,39,39_80,保時捷,Panamera,Panamera Turbo S E-Hybrid Executive,39_80,"3,567,000",,,,
Porsche,81,39,39_81,保時捷,Macan,Macan,39_81,"698,000",,,,
Porsche,82,39,39_82,保時捷,Macan,Macan S,39_82,"828,000",,,,
Porsche,83,39,39_83,保時捷,Macan,Macan GTS,39_83,"1,008,000",,,,
Porsche,84,39,39_84,保時捷,Macan,Macan Turbo,39_84,"1,343,000",,,,
Porsche,85,39,39_85,保時捷,Macan,Macan Turbo Performance Package,39_85,"1,478,000",,,,
Porsche,86,39,39_86,保時捷,Cayenne,Cayenne,39_86,"1,088,000",,,,
Porsche,87,39,39_87,保時捷,Cayenne,Cayenne 3.2,39_87,,,,,
Porsche,88,39,39_88,保時捷,Cayenne,Cayenne 3.6,39_88,,,,,
Porsche,89,39,39_89,保時捷,Cayenne,Cayenne Platinum,39_89,"1,091,000",,,,
Porsche,90,39,39_90,保時捷,Cayenne,Cayenne S,39_90,"1,498,000",,,,
Porsche,91,39,39_91,保時捷,Cayenne,Cayenne S E-Hybrid,39_91,"1,466,000",,,,
Porsche,92,39,39_92,保時捷,Cayenne,Cayenne S Platinum,39_92,"1,453,000",,,,
Porsche,93,39,39_93,保時捷,Cayenne,Cayenne S E-Hybrid Platinum,39_93,"1,527,000",,,,
Porsche,94,39,39_94,保時捷,Cayenne,Cayenne GTS,39_94,"1,744,000",,,,
Porsche,95,39,39_95,保時捷,Cayenne,Cayenne Turbo,39_95,"2,138,000",,,,
Porsche,96,39,39_96,保時捷,Cayenne,Cayenne Turbo S,39_96,"2,822,000",,,,
Renault,1,40,40_1,雷諾,Zoe,Zoe,40_1,"279,800",,,,
Renault,2,40,40_2,雷諾,Fluence,Fluence Z E,40_2,"309,800",,,,
Renault,3,40,40_3,雷諾,Kangoo,Kangoo,40_3,"399,800",,,,
Renault,4,40,40_4,雷諾,Kangoo,Kangoo DCI,40_4,"219,800",,,,
Renault,5,40,40_5,雷諾,Kangoo,Kangoo WAV,40_5,"419,800",,,,
Renault,6,40,40_6,雷諾,Megane,Megane RS225,40_6,,,,,
Renault,7,40,40_7,雷諾,Megane,Megane RS250,40_7,"419,800",,,,
Renault,8,40,40_8,雷諾,Megane,Megane RS250 Cup,40_8,,,,,
Renault,9,40,40_9,雷諾,Megane,Megane RS265,40_9,,,,,
Renault,10,40,40_10,雷諾,Megane,Megane RS265 Cup,40_10,,,,,
Renault,11,40,40_11,雷諾,Megane,Megane RS275,40_11,"399,800",,,,
Renault,12,40,40_12,雷諾,Megane,Megane GT Sport ,40_12,"308,800",,,,
Renault,13,40,40_13,雷諾,Megane,Megane GT220 Wagon Touring,40_13,,,,,
Renault,14,40,40_14,雷諾,Megane,Megane CAB,40_14,,,,,
Renault,15,40,40_15,雷諾,Megane,Megane Monaco,40_15,,,,,
Renault,16,40,40_16,雷諾,Clio,Clio,40_16,"189,800",,,,
Renault,17,40,40_17,雷諾,Clio,Clio RS,40_17,"329,800",,,,
Renault,18,40,40_18,雷諾,Clio,Clio RS200 EDC,40_18,,,,,
Renault,19,40,40_19,雷諾,Clio,Clio RS220 Trophy,40_19,"318,800",,,,
Renault,20,40,40_20,雷諾,Clio,Clio GT120 EDC,40_20,"199,800",,,,
Renault,21,40,40_21,雷諾,Clio,Clio GT-line,40_21,"189,800",,,,
Renault,22,40,40_22,雷諾,Trafic,Trafic,40_22,"219,800",,,,
Renault,23,40,40_23,雷諾,Twingo,Twingo RS,40_23,,,,,
Renault,24,40,40_24,雷諾,Twingo,Twingo Gordini RS,40_24,,,,,
Rolls-Royce,1,41,41_1,勞斯萊斯,Phantom,Phantom,41_1,"9,600,000",,,,
Rolls-Royce,2,41,41_2,勞斯萊斯,Phantom,Phantom Drophead Coupe,41_2,"9,800,000",,,,
Rolls-Royce,3,41,41_3,勞斯萊斯,Phantom,Phantom Coupe,41_3,"9,800,000",,,,
Rolls-Royce,4,41,41_4,勞斯萊斯,Phantom,Phantom Extended Wheelbase,41_4,"11,800,000",,,,
Rolls-Royce,5,41,41_5,勞斯萊斯,Ghost,Ghost,41_5,"5,900,000",,,,
Rolls-Royce,6,41,41_6,勞斯萊斯,Ghost,Ghost Extended Wheelbase,41_6,"7,100,000",,,,
Rolls-Royce,7,41,41_7,勞斯萊斯,Ghost,Ghost Black Badge,41_7,"6,500,000",,,,
Rolls-Royce,8,41,41_8,勞斯萊斯,Wraith,Wraith,41_8,"6,200,000",,,,
Rolls-Royce,9,41,41_9,勞斯萊斯,Wraith,Wraith Black Badge,41_9,"6,800,000",,,,
Rolls-Royce,10,41,41_10,勞斯萊斯,Silver,Silver Seraph,41_10,,,,,
Rolls-Royce,11,41,41_11,勞斯萊斯,Dawn,Dawn,41_11,"6,900,000",,,,
Smart,1,46,46_1,SMART,Fortwo,Smart Fortwo,46_1,,,,,
Smart,2,46,46_2,SMART,Fortwo,Smart Fortwo Brabus,46_2,,,,,
Smart,3,46,46_3,SMART,Fortwo,Smart Fortwo MHD,46_3,,,,,
Smart,4,46,46_4,SMART,Fortwo,Smart Fortwo Passion,46_4,,,,,
Smart,5,46,46_5,SMART,Fortwo,Smart Fortwo Pulse,46_5,,,,,
Smart,6,46,46_6,SMART,Fortwo,Smart Fortwo Turbo,46_6,,,,,
Smart,7,46,46_7,SMART,Fortwo,Smart Fortwo Cabrio,46_7,"222,800",,,,
Smart,8,46,46_8,SMART,Fortwo,Smart Fortwo Cabrio 80KW,46_8,"321,000",,,,
Smart,9,46,46_9,SMART,Fortwo,Smart Fortwo Cabrio Pulse,46_9,,,,,
Smart,10,46,46_10,SMART,Fortwo,Smart Fortwo 451,46_10,,,,,
Smart,11,46,46_11,SMART,Fortwo,Smart Fortwo Coupe,46_11,"128,000",,,,
Smart,12,46,46_12,SMART,Fortwo,Smart Fortwo Coupe 80KW,46_12,"288,000",,,,
Smart,13,46,46_13,SMART,Forfour,Smart Forfour,46_13,"168,000",,,,
Smart,14,46,46_14,SMART,Forfour,Smart Forfour 80KW,46_14,"288,000",,,,
Smart,15,46,46_15,SMART,Forfour,Smart Forfour Passion,46_15,,,,,
Smart,16,46,46_16,SMART,Forfour,Smart Forfour Brabus,46_16,,,,,
Smart,17,46,46_17,SMART,Roadster,Smart Roadster,46_17,,,,,
Smart,18,46,46_18,SMART,Roadster,Smart Roadster Coupe,46_18,,,,,
Subaru,1,48,48_1,富士,Outback,Outback 2.5i,48_1,"359,800",,,,
Subaru,2,48,48_2,富士,Forester,Forester 2.0,48_2,"299,800",,,,
Subaru,3,48,48_3,富士,Forester,Forester 2.0XT,48_3,"289,800",,,,
Subaru,4,48,48_4,富士,Forester,Forester 2.0XT Sport,48_4,,,,,
Subaru,5,48,48_5,富士,Forester,Forester 2.5,48_5,"359,800",,,,
Subaru,6,48,48_6,富士,Forester,Forester 2.5XT,48_6,,,,,
Subaru,7,48,48_7,富士,XV,XV,48_7,"209,800",,,,
Subaru,8,48,48_8,富士,XV,XV 2.0i,48_8,"259,800",,,,
Subaru,9,48,48_9,富士,Impreza WRX,Impreza WRX STI,48_9,"459,800",,,,
Subaru,10,48,48_10,富士,Impreza WRX,Impreza WRX,48_10,"359,800",,,,
Subaru,11,48,48_11,富士,Impreza WRX,Impreza WRX GDA,48_11,,,,,
Subaru,12,48,48_12,富士,Impreza WRX,Impreza WRX GDB,48_12,,,,,
Subaru,13,48,48_13,富士,Impreza WRX,Impreza WRX STI S204,48_13,,,,,
Subaru,14,48,48_14,富士,Impreza WRX,Impreza STI GRF,48_14,,,,,
Subaru,15,48,48_15,富士,Impreza WRX,Impreza STI Aline,48_15,,,,,
Subaru,16,48,48_16,富士,Impreza WRX,Impreza WRX GH8,48_16,,,,,
Subaru,17,48,48_17,富士,BRZ,BRZ,48_17,"337,800",,,,
Subaru,18,48,48_18,富士,BRZ,BRZ 86,48_18,,,,,
Subaru,19,48,48_19,富士,Exiga,Exiga,48_19,,,,,
Subaru,20,48,48_20,富士,Exiga,Exiga GT,48_20,,,,,
Subaru,21,48,48_21,富士,S203,S203,48_21,,,,,
Subaru,22,48,48_22,富士,S207,S207,48_22,,,,,
Subaru,23,48,48_23,富士,R1,R1,48_23,,,,,
Subaru,24,48,48_24,富士,R2,R2,48_24,,,,,
Subaru,25,48,48_25,富士,Legacy,Legacy Sport,48_25,,,,,
Subaru,26,48,48_26,富士,Legacy,Legacy Wagon,48_26,,,,,
Subaru,27,48,48_27,富士,Legacy,Legacy B4,48_27,,,,,
Subaru,28,48,48_28,富士,Levorg,Levorg,48_28,"309,800",,,,
Suzuki,1,49,49_1,鈴木,Solio,Solio,49_1,"163,800",,,,
Suzuki,2,49,49_2,鈴木,Solio,Solio Mild Hybrid,49_2,"186,800",,,,
Suzuki,3,49,49_3,鈴木,Vitara,Vitara 2.0,49_3,"229,800",,,,
Suzuki,4,49,49_4,鈴木,Vitara,Vitara 2.4,49_4,,,,,
Suzuki,5,49,49_5,鈴木,Vitara,Vitara XL7,49_5,,,,,
Suzuki,6,49,49_6,鈴木,Hustler,Hustler,49_6,"159,800",,,,
Suzuki,7,49,49_7,鈴木,Swift,Swift,49_7,"168,800",,,,
Suzuki,8,49,49_8,鈴木,Swift,Swift Sport,49_8,,,,,
Suzuki,9,49,49_9,鈴木,Every,Every,49_9,"145,800",,,,
Suzuki,10,49,49_10,鈴木,Every,Every Wagon,49_10,,,,,
Suzuki,11,49,49_11,鈴木,Every,Every Landy,49_11,,,,,
Suzuki,12,49,49_12,鈴木,Alto,Alto,49_12,,,,,
Suzuki,13,49,49_13,鈴木,Wagonr,Wagonr,49_13,,,,,
Suzuki,14,49,49_14,鈴木,Jimny,Jimny,49_14,,,,,
Suzuki,15,49,49_15,鈴木,Jimny,Jimny JB33,49_15,,,,,
Suzuki,16,49,49_16,鈴木,Jimny,Jimny JB43,49_16,,,,,
Suzuki,17,49,49_17,鈴木,SX4,SX4,49_17,,,,,
Toyota,1,50,50_1,豐田,Spade,Spade,50_1,"169,400",,,,
Toyota,2,50,50_2,豐田,86,86 Sport,50_2,"425,600",,,,
Toyota,3,50,50_3,豐田,86,86 Sport Plus,50_3,"438,550",,,,
Toyota,4,50,50_4,豐田,Ractis,Ractis,50_4,,,,,
Toyota,5,50,50_5,豐田,Ractis,Ractis GL,50_5,,,,,
Toyota,6,50,50_6,豐田,Ractis,Ractis Young,50_6,"173,810",,,,
Toyota,7,50,50_7,豐田,Ractis,Ractis Verso,50_7,"199,920",,,,
Toyota,8,50,50_8,豐田,Corolla,Corolla Luxury,50_8,"209,300",,,,
Toyota,9,50,50_9,豐田,Corolla,Corolla Super Luxury,50_9,"238,000",,,,
Toyota,10,50,50_10,豐田,Corolla,Corolla,50_10,"198,940",,,,
Toyota,11,50,50_11,豐田,Prius C,Prius C,50_11,"252,000",,,,
Toyota,12,50,50_12,豐田,Prius,Prius,50_12,,,,,
Toyota,13,50,50_13,豐田,Prius,Prius Hybrid Luxury,50_13,"304,150",,,,
Toyota,14,50,50_14,豐田,Prius,Prius Hybrid Super Luxury,50_14,"353,500",,,,
Toyota,15,50,50_15,豐田,Prius,Prius Deluxe,50_15,,,,,
Toyota,16,50,50_16,豐田,Prius,Prius GS,50_16,,,,,
Toyota,17,50,50_17,豐田,Camry,Camry,50_17,"299,600",,,,
Toyota,18,50,50_18,豐田,Camry,Camry 2.4 Deluxe,50_18,"319,900",,,,
Toyota,19,50,50_19,豐田,Camry,Camry Hybrid,50_19,"465,850",,,,
Toyota,20,50,50_20,豐田,RAV4,RAV4 Deluxe,50_20,,,,,
Toyota,21,50,50_21,豐田,RAV4,RAV4 Advantage,50_21,"259,000",,,,
Toyota,22,50,50_22,豐田,RAV4,RAV4 Luxury,50_22,"289,030",,,,
Toyota,23,50,50_23,豐田,Sienta,Sienta Limited,50_23,"224,000",,,,
Toyota,24,50,50_24,豐田,Sienta,Sienta,50_24,"239,750",,,,
Toyota,25,50,50_25,豐田,Sienta,Sienta Hybrid Limited,50_25,"279,650",,,,
Toyota,26,50,50_26,豐田,Sienta,Sienta Hybrid,50_26,"289,800",,,,
Toyota,27,50,50_27,豐田,Sienta,Sienta XLTD,50_27,,,,,
Toyota,28,50,50_28,豐田,Sienta,Sienta XS,50_28,,,,,
Toyota,29,50,50_29,豐田,Sienta,Sienta G,50_29,,,,,
Toyota,30,50,50_30,豐田,Wish,Wish Young,50_30,"239,050",,,,
Toyota,31,50,50_31,豐田,Wish,Wish Touring,50_31,"259,350",,,,
Toyota,32,50,50_32,豐田,Wish,Wish Luxury,50_32,"272,860",,,,
Toyota,33,50,50_33,豐田,Wish,Wish Z 2.0,50_33,,,,,
Toyota,34,50,50_34,豐田,Wish,Wish Deluxe,50_34,,,,,
Toyota,35,50,50_35,豐田,Noah,Noah Advantage,50_35,"325,150",,,,
Toyota,36,50,50_36,豐田,Noah,Noah Luxury,50_36,"329,000",,,,
Toyota,37,50,50_37,豐田,Noah,Noah SI,50_37,,,,,
Toyota,38,50,50_38,豐田,Noah,Noah Deluxe,50_38,,,,,
Toyota,39,50,50_39,豐田,Noah,Noah GS,50_39,,,,,
Toyota,40,50,50_40,豐田,Previa,Previa,50_40,"489,900",,,,
Toyota,41,50,50_41,豐田,Previa,Previa Aeras,50_41,"500,500",,,,
Toyota,42,50,50_42,豐田,Previa,Previa Deluxe,50_42,,,,,
Toyota,43,50,50_43,豐田,Previa,Previa GL Deluxe,50_43,,,,,
Toyota,44,50,50_44,豐田,Previa,Previa 3.5 Deluxe,50_44,,,,,
Toyota,45,50,50_45,豐田,Alphard,Alphard 250,50_45,"559,900",,,,
Toyota,46,50,50_46,豐田,Alphard,Alphard Hybrid,50_46,"879,810",,,,
Toyota,47,50,50_47,豐田,Alphard,Alphard 350,50_47,"749,100",,,,
Toyota,48,50,50_48,豐田,Alphard,Alphard Executive Lounge,50_48,"839,100",,,,
Toyota,49,50,50_49,豐田,Alphard,Alphard 3.0MS,50_49,,,,,
Toyota,50,50,50_50,豐田,Alphard,Alphard 3.0MZG,50_50,,,,,
Toyota,51,50,50_51,豐田,Alphard,Alphard 2.4,50_51,,,,,
Toyota,52,50,50_52,豐田,Alphard,Alphard SAC,50_52,,,,,
Toyota,53,50,50_53,豐田,Vellfire,Vellfire 2.4Z,50_53,,,,,
Toyota,54,50,50_54,豐田,Vellfire,Vellfire 2.5,50_54,,,,,
Toyota,55,50,50_55,豐田,Vellfire,Vellfire 3.5,50_55,"599,100",,,,
Toyota,56,50,50_56,豐田,Prado,Prado Advantage,50_56,"649,300",,,,
Toyota,57,50,50_57,豐田,Prado,Prado Luxury,50_57,"819,100",,,,
Toyota,58,50,50_58,豐田,Mark X,Mark X 250G,50_58,"329,700",,,,
Toyota,59,50,50_59,豐田,Mark X,Mark X ZIO 240G,50_59,,,,,
Toyota,60,50,50_60,豐田,Mark X,Mark X S Package,50_60,,,,,
Toyota,61,50,50_61,豐田,HIACE,HIACE,50_61,"315,301",,,,
Toyota,62,50,50_62,豐田,HIACE,HIACE Deluxe,50_62,"335,048",,,,
Toyota,63,50,50_63,豐田,Estima,Estima Aeras,50_63,,,,,
Toyota,64,50,50_64,豐田,Estima,Estima Aeras G,50_64,,,,,
Toyota,65,50,50_65,豐田,Estima,Estima Aeras S,50_65,,,,,
Toyota,66,50,50_66,豐田,Estima,Estima Aeras 240 Facelift,50_66,,,,,
Toyota,67,50,50_67,豐田,Estima,Estima Hybrid,50_67,,,,,
Toyota,68,50,50_68,豐田,Estima,Estima ACR50,50_68,,,,,
Toyota,69,50,50_69,豐田,Porte,Porte,50_69,,,,,
Toyota,70,50,50_70,豐田,Yaris,Yaris,50_70,,,,,
Toyota,71,50,50_71,豐田,ISIS,ISIS 2.0 Platana,50_71,,,,,
Toyota,72,50,50_72,豐田,Rumion,Rumion 1.5G Aero Tourer,50_72,,,,,
Toyota,73,50,50_73,豐田,Rumion,Rumion 1.8S Aero Tourer,50_73,,,,,
Toyota,74,50,50_74,豐田,Voxy,Voxy,50_74,,,,,
Toyota,75,50,50_75,豐田,Voxy,Voxy ZS,50_75,,,,,
Toyota,76,50,50_76,豐田,Voxy,Voxy GS,50_76,,,,,
Toyota,77,50,50_77,豐田,bB,bB ZQ,50_77,,,,,
Toyota,78,50,50_78,豐田,Crown,Crownhlete,50_78,,,,,
Toyota,79,50,50_79,豐田,Crown,Crown Hybrid,50_79,,,,,
Toyota,80,50,50_80,豐田,Crown,Crown Royal Saloon,50_80,,,,,
Toyota,81,50,50_81,豐田,Auris,Auris Hybrid,50_81,,,,,
Toyota,82,50,50_82,豐田,Ipsum,Ipsum,50_82,,,,,
Toyota,83,50,50_83,豐田,MR2,MR2 SW20,50_83,,,,,
Toyota,84,50,50_84,豐田,Vitz,Vitz RS,50_84,,,,,
Toyota,85,50,50_85,豐田,Picnic,Picnic,50_85,,,,,
Toyota,86,50,50_86,豐田,Cruiser,FJ Cruiser,50_86,,,,,
Toyota,87,50,50_87,豐田,Cruiser,Land Cruiser,50_87,,,,,
Toyota,88,50,50_88,豐田,Vellfire,Vellfire 350,50_88,"679,100",,,,
Volkswagen,1,52,52_1,福士,Polo,Polo 180 TSI Match,52_1,"159,980",,,,
Volkswagen,2,52,52_2,福士,Polo,Polo TSI Trendline,52_2,"163,880",,,,
Volkswagen,3,52,52_3,福士,Polo,Polo TSI Comfortline,52_3,"179,880",,,,
Volkswagen,4,52,52_4,福士,Polo,Polo 1.2 TSI,52_4,"189,980",,,,
Volkswagen,5,52,52_5,福士,Polo,Polo 1.4,52_5,,,,,
Volkswagen,6,52,52_6,福士,Polo,Polo GTI,52_6,,,,,
Volkswagen,7,52,52_7,福士,Beetle,Beetle 1.2 TSI,52_7,,,,,
Volkswagen,8,52,52_8,福士,Beetle,Beetle GT 1.4 TSI,52_8,"319,880",,,,
Volkswagen,9,52,52_9,福士,Beetle,Beetle Cabriolet,52_9,"359,980",,,,
Volkswagen,10,52,52_10,福士,Beetle,Beetle 2.0 CAB,52_10,,,,,
Volkswagen,11,52,52_11,福士,Beetle,New Beetle,52_11,,,,,
Volkswagen,12,52,52_12,福士,Golf,e-Golf,52_12,"419,980",,,,
Volkswagen,13,52,52_13,福士,Golf,Golf 1.4 TSI Trendline,52_13,"209,980",,,,
Volkswagen,14,52,52_14,福士,Golf,Golf 1.4 TSI Comfortline,52_14,"249,880",,,,
Volkswagen,15,52,52_15,福士,Golf,Golf 1.4 TSI GT,52_15,"279,880",,,,
Volkswagen,16,52,52_16,福士,Golf,Golf 1.4 TSI R-Line,52_16,"299,880",,,,
Volkswagen,17,52,52_17,福士,Golf,Golf 1.4 TSI,52_17,,,,,
Volkswagen,18,52,52_18,福士,Golf,Golf 1.4 GT,52_18,"269,980",,,,
Volkswagen,19,52,52_19,福士,Golf,Golf GT Sport Dynamic Pack (2017),52_19,"289,980",,,,
Volkswagen,20,52,52_20,福士,Golf,Golf GTI 2-door,52_20,"349,880",,,,
Volkswagen,21,52,52_21,福士,Golf,Golf GTI 4-door,52_21,"359,880",,,,
Volkswagen,22,52,52_22,福士,Golf,Golf GTI MK5,52_22,,,,,
Volkswagen,23,52,52_23,福士,Golf,Golf GTI MK6,52_23,,,,,
Volkswagen,24,52,52_24,福士,Golf,Golf GTI MK7,52_24,,,,,
Volkswagen,25,52,52_25,福士,Golf,Golf GTI Performance 2-door,52_25,"359,880",,,,
Volkswagen,26,52,52_26,福士,Golf,Golf GTI Performance 4-door,52_26,"419,980",,,,
Volkswagen,27,52,52_27,福士,Golf,Golf R 4Motion 2-door,52_27,"469,880",,,,
Volkswagen,28,52,52_28,福士,Golf,Golf R 4Motion 4-door,52_28,"499,880",,,,
Volkswagen,29,52,52_29,福士,Golf,Golf GTI Cabriolet,52_29,"399,880",,,,
Volkswagen,30,52,52_30,福士,Golf,Golf 230 TSI,52_30,"189,980",,,,
Volkswagen,31,52,52_31,福士,Golf,Golf 280 TSI,52_31,"239,980",,,,
Volkswagen,32,52,52_32,福士,Golf,Golf 280 TSI Sport,52_32,"255,980",,,,
Volkswagen,33,52,52_33,福士,Golf,Golf GTI 220PS,52_33,"329,980",,,,
Volkswagen,34,52,52_34,福士,Golf,Golf GTI 230PS,52_34,"379,980",,,,
Volkswagen,35,52,52_35,福士,Golf,Golf GTI Clubsport,52_35,"399,980",,,,
Volkswagen,36,52,52_36,福士,Golf,Golf R,52_36,"499,980",,,,
Volkswagen,37,52,52_37,福士,Golf,Golf R DSG,52_37,"499,980",,,,
Volkswagen,38,52,52_38,福士,Golf,Golf Sportsvan 125,52_38,"249,980",,,,
Volkswagen,39,52,52_39,福士,Golf,Golf Sportsvan 150,52_39,"259,980",,,,
Volkswagen,40,52,52_40,福士,Golf,Golf R32,52_40,,,,,
Volkswagen,41,52,52_41,福士,Jetta,Jetta Highline,52_41,"244,880",,,,
Volkswagen,42,52,52_42,福士,Jetta,Jetta Sport,52_42,"284,880",,,,
Volkswagen,43,52,52_43,福士,Jetta,Jetta 1.4 TSI,52_43,,,,,
Volkswagen,44,52,52_44,福士,Jetta,Jetta 1.4 TSI GT,52_44,,,,,
Volkswagen,45,52,52_45,福士,Jetta,Jetta 2.0T,52_45,,,,,
Volkswagen,46,52,52_46,福士,Scirocco,Scirocco TSI 160PS,52_46,"263,880",,,,
Volkswagen,47,52,52_47,福士,Scirocco,Scirocco TSI 210PS,52_47,"339,880",,,,
Volkswagen,48,52,52_48,福士,Scirocco,Scirocco TSI 230,52_48,"249,980",,,,
Volkswagen,49,52,52_49,福士,Scirocco,Scirocco R,52_49,,,,,
Volkswagen,50,52,52_50,福士,Scirocco,Scirocco R 280PS ,52_50,"419,880",,,,
Volkswagen,51,52,52_51,福士,Scirocco,Scirocco R 280PS DSG,52_51,"429,880",,,,
Volkswagen,52,52,52_52,福士,Scirocco,Scirocco 1.4 TSI,52_52,,,,,
Volkswagen,53,52,52_53,福士,Scirocco,Scirocco 2.0 TSI,52_53,,,,,
Volkswagen,54,52,52_54,福士,Tiguan,Tiguan 1.4 TSI,52_54,"299,980",,,,
Volkswagen,55,52,52_55,福士,Tiguan,Tiguan 1.4 TSI City Explorer,52_55,"306,880",,,,
Volkswagen,56,52,52_56,福士,Tiguan,Tiguan TSI 4Motion R-Line,52_56,"469,980",,,,
Volkswagen,57,52,52_57,福士,Tiguan,Tiguan 2.0 TSI 4Motion,52_57,"369,980",,,,
Volkswagen,58,52,52_58,福士,Tiguan,Tiguan 2.0 TSI Sport,52_58,,,,,
Volkswagen,59,52,52_59,福士,Touran,Touran 280 TSI Life,52_59,"262,980",,,,
Volkswagen,60,52,52_60,福士,Touran,Touran 280 TSI Luxury,52_60,"289,980",,,,
Volkswagen,61,52,52_61,福士,Touran,Touran GT 1.4 TSI,52_61,"299,880",,,,
Volkswagen,62,52,52_62,福士,Touran,Touran 280 TSI R-Line Sport,52_62,"329,980",,,,
Volkswagen,63,52,52_63,福士,Touran,Touran 1.4 TSI,52_63,,,,,
Volkswagen,64,52,52_64,福士,Touran,Touran GT,52_64,,,,,
Volkswagen,65,52,52_65,福士,Volkswagen CC,Volkswagen CC 2.0 TSI,52_65,"419,880",,,,
Volkswagen,66,52,52_66,福士,Passat ,Passat Business Line,52_66,"269,980",,,,
Volkswagen,67,52,52_67,福士,Passat ,Passat Highline,52_67,"299,980",,,,
Volkswagen,68,52,52_68,福士,Passat ,Passat R-Line Sport SE,52_68,"319,980",,,,
Volkswagen,69,52,52_69,福士,Passat ,Passat 1.8T,52_69,,,,,
Volkswagen,70,52,52_70,福士,Passat ,Passat TSI DSG,52_70,,,,,
Volkswagen,71,52,52_71,福士,Passat ,Passat Variant R36,52_71,,,,,
Volkswagen,72,52,52_72,福士,Passat ,Passat Variant 2.0T,52_72,,,,,
Volkswagen,73,52,52_73,福士,Passat ,Passat Variant 1.4 TSI DSG,52_73,,,,,
Volkswagen,74,52,52_74,福士,Passat ,Passat Variant 2.0 TSI DSG,52_74,,,,,
Volkswagen,75,52,52_75,福士,Passat ,Passat CC,52_75,,,,,
Volkswagen,76,52,52_76,福士,Sharan,Sharan 280 TSI Life,52_76,"329,980",,,,
Volkswagen,77,52,52_77,福士,Sharan,Sharan 380 TSI Luxury,52_77,"409,980",,,,
Volkswagen,78,52,52_78,福士,Sharan,Sharan 2.0 TSI,52_78,,,,,
Volkswagen,79,52,52_79,福士,Sharan,Sharan BMT,52_79,"389,880",,,,
Volkswagen,80,52,52_80,福士,Sharan,Sharan Highline,52_80,"479,880",,,,
Volkswagen,81,52,52_81,福士,Touareg,Touareg Highline,52_81,"699,980",,,,
Volkswagen,82,52,52_82,福士,Touareg,Touareg R-Line,52_82,"829,980",,,,
Volkswagen,83,52,52_83,福士,Touareg,Touareg Hybrid,52_83,"998,980",,,,
Volkswagen,84,52,52_84,福士,Touareg,Touareg 3.2,52_84,,,,,
Volkswagen,85,52,52_85,福士,Touareg,Touareg 3.6,52_85,,,,,
Volkswagen,86,52,52_86,福士,Touareg,Touareg Premium,52_86,,,,,
Volkswagen,87,52,52_87,福士,Touareg,Touareg 4.2,52_87,,,,,
Volkswagen,88,52,52_88,福士,Multivan Kombi,Multivan Kombi,52_88,"649,980",,,,
Volkswagen,89,52,52_89,福士,Multivan Kombi,Multivan Highline,52_89,"599,880",,,,
Volkswagen,90,52,52_90,福士,Golf,Golf Team 2018,52_90,"199,980",,,,
Volkswagen,91,52,52_91,福士,Golf,Golf Match 2017,52_91,"229,980 ",,,,
Volkswagen,92,52,52_92,福士,Golf,Golf GT Sport 2018,52_92,"239,980 ",,,,
Volkswagen,93,52,52_93,福士,Golf,Golf GT Sport Dynamic Pack (2018),52_93,"286,980 ",,,,
Volkswagen,94,52,52_94,福士,Tiguan2,Tiguan2 280 TSI ACT Team,52_94,"289,980 ",,,,
Volkswagen,95,52,52_95,福士,Tiguan2,Tiguan2 280 TSI ACT Street,52_95,"299,980 ",,,,
Volkswagen,96,52,52_96,福士,Tiguan2,Tiguan2 330 TSI 4MOTION Trail,52_96,"404,980 ",,,,
Volkswagen,97,52,52_97,福士,Tiguan2,Tiguan2 330 TSI 4MOTION Trail w/ Comfort Package,52_97,"401,980 ",,,,
Volkswagen,98,52,52_98,福士,Tiguan2,Tiguan2 380 TSI 4MOTION R-Line Track ,52_98,"449,980 ",,,,
Volkswagen,99,52,52_99,福士,Tiguan2,Tiguan2 380 TSI 4MOTION R-Line Track w/ Confort Package,52_99,"491,980 ",,,,
Volkswagen,100,52,52_100,福士,Touran,Touran 280 TSI Team,52_100,"259,980",,,,
Volkswagen,101,52,52_101,福士,Passat ,Passat 280 TSI ACT Luxury,52_101,"299,980",,,,
Volkswagen,102,52,52_102,福士,Sharan,Sharan 280 TSI Luxury w/ Comfort Package,52_102,"345,980",,,,
Volkswagen,103,52,52_103,福士," Caddy Kombi
",Caddy Kombi 7-seater,52_103,"269,980 ",,,,
Volkswagen,104,52,52_104,福士,Transporter Kombi,Transporter Kombi 8-seater,52_104,"449,980 ",,,,
Volkswagen,105,52,52_105,福士,Multivan Kombi,Multivan Kombi 2.0 TSI Premium,52_105,"599,980 ",,,,
Volvo,1,53,53_1,富豪,XC,XC60 T5,53_1,"499,800 ",,,,
Volvo,2,53,53_2,富豪,XC,XC60 T5 R-Design,53_2,"569,800 ",,,,
Volvo,3,53,53_3,富豪,XC,XC60 T6,53_3,,,,,
Volvo,4,53,53_4,富豪,XC,XC60 2.0T,53_4,"1,099,800 ",,,,
Volvo,5,53,53_5,富豪,XC,XC90 T5,53_5,"679,800 ",,,,
Volvo,6,53,53_6,富豪,XC,XC90 T5 R-Design,53_6,,,,,
Volvo,7,53,53_7,富豪,XC,XC90 T6,53_7,"778,800 ",,,,
Volvo,8,53,53_8,富豪,XC,XC90 T6 R-Design,53_8,"799,800 ",,,,
Volvo,9,53,53_9,富豪,XC,XC90 T6 Inscription,53_9,"799,800 ",,,,
Volvo,10,53,53_10,富豪,XC,XC90 T8 R-Design Hybrid,53_10,"1,299,800 ",,,,
Volvo,11,53,53_11,富豪,XC,XC90 T8 Inscription Hybrid,53_11,"1,299,800 ",,,,
Volvo,12,53,53_12,富豪,XC,XC90 T8 Excellence Hybrid,53_12,"1,499,800 ",,,,
Volvo,13,53,53_13,富豪,XC,XC90 2.5T,53_13,,,,,
Volvo,14,53,53_14,富豪,XC,XC90 3.0,53_14,,,,,
Volvo,15,53,53_15,富豪,XC,XC90 3.2,53_15,,,,,
Volvo,16,53,53_16,富豪,V,V40 T4,53_16,"299,800 ",,,,
Volvo,17,53,53_17,富豪,V,V40 T4 R-Design,53_17,"329,800 ",,,,
Volvo,18,53,53_18,富豪,V,V40 T4 Plus,53_18,,,,,
Volvo,19,53,53_19,富豪,V,V50 2.0,53_19,,,,,
Volvo,20,53,53_20,富豪,V,V50 2.4,53_20,,,,,
Volvo,21,53,53_21,富豪,V,V60 T4,53_21,"399,800 ",,,,
Volvo,22,53,53_22,富豪,V,V60 T5,53_22,"459,800 ",,,,
Volvo,23,53,53_23,富豪,V,V60 T5 R-Design,53_23,"499,800 ",,,,
Volvo,24,53,53_24,富豪,V,V60 Polestar,53_24,"839,800 ",,,,
Volvo,25,53,53_25,富豪,V,V70,53_25,,,,,
Volvo,26,53,53_26,富豪,V,V90 T5,53_26,"499,800 ",,,,
Volvo,27,53,53_27,富豪,V,V90 T5 Inscription,53_27,"699,800 ",,,,
Volvo,28,53,53_28,富豪,V,V90 T6,53_28,"849,800 ",,,,
Volvo,29,53,53_29,富豪,S,S40 2.4,53_29,,,,,
Volvo,30,53,53_30,富豪,S,S60 T4,53_30,"389,800 ",,,,
Volvo,31,53,53_31,富豪,S,S60 T5,53_31,"429,800 ",,,,
Volvo,32,53,53_32,富豪,S,S60 T5 R-Design,53_32,"469,800 ",,,,
Volvo,33,53,53_33,富豪,S,S60 Polestar,53_33,"799,800 ",,,,
Volvo,34,53,53_34,富豪,S,S60 2.0T,53_34,,,,,
Volvo,35,53,53_35,富豪,S,S60 2.5,53_35,,,,,
Volvo,36,53,53_36,富豪,S,S80 T5,53_36,"369,800 ",,,,
Volvo,37,53,53_37,富豪,S,S80 T6,53_37,,,,,
Volvo,38,53,53_38,富豪,S,S80 2.0T,53_38,,,,,
Volvo,39,53,53_39,富豪,S,S80 2.5T,53_39,,,,,
Volvo,40,53,53_40,富豪,S,S90 T5,53_40,"549,800 ",,,,
Volvo,41,53,53_41,富豪,S,S90 T6,53_41,"799,800 ",,,,